cohort,episode_id,role,scene_id,a0_success,a1_success,delta_success,a0_spl,a1_spl,delta_spl,a0_ndtw,a1_ndtw,delta_ndtw,a0_path_length,a1_path_length,delta_path_length,a0_steps,a1_steps,delta_steps,a0_collisions,a1_collisions,delta_collisions,a0_high_level_steps,a1_high_level_steps,first_matched_action_divergence,matched_prefix_steps,direct_new_candidate_at_first_divergence,matched_prefix_nested_violations,mean_a0_heatmap_candidates,mean_a1_heatmap_candidates,mean_new_a1_candidates,first_divergence_a0_rank,first_divergence_a1_rank
train,6,metadata_control_replication,mp3d/5LpN3gDmAk7/5LpN3gDmAk7.glb,1,1,0,1.0,0.8255821165414913,-0.17441788345850873,0.9624838875576832,0.8649164851585847,-0.09756740239909856,5.285245895385742,6.588721752166748,1.3034758567810059,34.0,42.0,8.0,0.0,0.3548387096774194,0.3548387096774194,5,5,0,1,1,0,5,15,10,1,1
train,8,metadata_control_replication,mp3d/7y3sRwLe3Va/7y3sRwLe3Va.glb,1,1,0,0.8692720116152869,0.892665144694669,0.023393133079382067,0.8982324091433173,0.951426087220128,0.053193678076810746,10.250000953674316,9.981389999389648,-0.26861095428466797,65.0,57.0,-8.0,0.0,0.04878048780487805,0.04878048780487805,9,5,0,1,1,0,5,14,9,1,1
train,189,metadata_control_replication,mp3d/p5wJjkQkbXX/p5wJjkQkbXX.glb,1,1,0,1.0,1.0,0.0,0.946265599767222,0.9279853230682392,-0.0182802766989828,6.324584007263184,6.574521541595459,0.2499375343322754,41.0,41.0,0.0,0.0,0.0,0.0,5,4,0,1,1,0,5,13,8,1,1
train,569,metadata_control_replication,mp3d/jh4fc5c5qoQ/jh4fc5c5qoQ.glb,1,1,0,1.0,0.9818421216784532,-0.018157878321546805,0.8978026764232272,0.9353415748465581,0.03753889842333091,8.289743423461914,9.463644981384277,1.1739015579223633,46.0,54.0,8.0,0.0,0.05128205128205128,0.05128205128205128,7,5,0,1,1,0,5,13,8,1,1
train,844,metadata_control_replication,mp3d/SN83YJsR3w2/SN83YJsR3w2.glb,1,1,0,0.9755021984163633,0.9745680851917814,-0.0009341132245819228,0.8996427331468508,0.9211518086060804,0.021509075459229532,11.488991737365723,11.500003814697266,0.011012077331542969,65.0,58.0,-7.0,0.02127659574468085,0.0,-0.02127659574468085,8,6,0,1,1,0,5,12,7,1,1
train,1006,metadata_control_replication,mp3d/pRbA3pwrgk9/pRbA3pwrgk9.glb,1,1,0,1.0,0.9941939099171596,-0.005806090082840387,0.9382075897930876,0.9023409692745653,-0.035866620518522296,5.761081695556641,5.98714542388916,0.22606372833251953,34.0,36.0,2.0,0.0,0.041666666666666664,0.041666666666666664,5,4,0,1,1,0,5,13,8,1,1
train,1331,metadata_control_replication,mp3d/VFuaQ6m2Qom/VFuaQ6m2Qom.glb,1,1,0,0.8040768183779468,0.8468235866803221,0.04274676830237534,0.8606359785246089,0.8569067053970997,-0.0037292731275092583,10.304071426391602,9.78393268585205,-0.5201387405395508,58.0,54.0,-4.0,0.0,0.0,0.0,7,6,0,1,1,0,5,14,9,1,1
train,1587,metadata_control_replication,mp3d/b8cTxDM8gDG/b8cTxDM8gDG.glb,1,1,0,1.0,1.0,0.0,0.8670429127664876,0.925459329479212,0.05841641671272435,14.138191223144531,14.674450874328613,0.536259651184082,68.0,79.0,11.0,0.0,0.03333333333333333,0.03333333333333333,10,9,0,1,1,0,5,15,10,1,1
train,1608,metadata_control_replication,mp3d/2azQ1b91cZZ/2azQ1b91cZZ.glb,1,1,0,0.9844191163599392,0.6744832272640037,-0.3099358890959355,0.9117768314353756,0.7990346459060034,-0.11274218552937221,12.617717742919922,18.415761947631836,5.798044204711914,74.0,122.0,48.0,0.038461538461538464,0.039473684210526314,0.00101214574898785,9,9,0,1,1,0,5,14,9,1,1
train,2346,metadata_control_replication,mp3d/ac26ZMwG7aT/ac26ZMwG7aT.glb,1,1,0,1.0,0.8378080069348076,-0.16219199306519239,0.9110287117627651,0.8590538484588215,-0.05197486330394363,4.750002384185791,6.250006198883057,1.5000038146972656,36.0,48.0,12.0,0.0,0.0,0.0,5,5,0,1,1,0,5,15,10,1,1
train,2408,metadata_control_replication,mp3d/7y3sRwLe3Va/7y3sRwLe3Va.glb,1,1,0,0.6594740360534661,0.661740997807039,0.0022669617535728825,0.7472095891492809,0.6747940580160728,-0.07241553113320809,9.783519744873047,9.750003814697266,-0.03351593017578125,66.0,69.0,3.0,0.0,0.0,0.0,8,5,0,1,1,0,4,13,9,1,1
train,2557,metadata_control_replication,mp3d/p5wJjkQkbXX/p5wJjkQkbXX.glb,1,1,0,0.7504099870085036,0.9499569307839474,0.1995469437754438,0.813920839484162,0.8776445729763925,0.06372373349223048,14.876046180725098,11.751199722290039,-3.1248464584350586,104.0,69.0,-35.0,0.0,0.0,0.0,11,6,1,2,1,0,5,13,8,1,1
train,3324,metadata_control_replication,mp3d/759xd9YjKW5/759xd9YjKW5.glb,1,1,0,1.0,0.7963235153746644,-0.2036764846253356,0.9148435561403194,0.877192231612682,-0.03765132452763742,11.25,14.137421607971191,2.8874216079711914,68.0,86.0,18.0,0.0,0.05172413793103448,0.05172413793103448,8,7,0,1,1,0,5,13,8,1,1
train,3448,metadata_control_replication,mp3d/rPc6DW4iMge/rPc6DW4iMge.glb,1,1,0,1.0,0.6758126126888592,-0.32418738731114083,0.9080354961854621,0.7954614552681237,-0.11257404091733836,8.10001277923584,12.35001277923584,4.25,49.0,95.0,46.0,0.03125,0.02040816326530612,-0.01084183673469388,7,6,1,2,1,0,5,13,8,1,1
train,3633,metadata_control_replication,mp3d/5LpN3gDmAk7/5LpN3gDmAk7.glb,1,1,0,1.0,1.0,0.0,0.9223578009288578,0.9138187048901794,-0.008539096038678418,7.999999523162842,7.495694637298584,-0.5043048858642578,44.0,39.0,-5.0,0.0,0.03225806451612903,0.03225806451612903,6,5,1,2,1,0,5,12.5,7.5,1,1
train,3671,metadata_control_replication,mp3d/VFuaQ6m2Qom/VFuaQ6m2Qom.glb,1,1,0,1.0,1.0,0.0,0.9273063629547373,0.9080117608237414,-0.019294602130995986,7.768511772155762,7.743675231933594,-0.02483654022216797,46.0,44.0,-2.0,0.03125,0.03125,0.0,7,4,1,2,1,0,4.5,13.5,9,1,1
train,3793,metadata_control_replication,mp3d/JmbYfDe2QKZ/JmbYfDe2QKZ.glb,1,1,0,0.9851486238428119,0.7949108286920633,-0.19023779515074857,0.8910653684082447,0.8463603019909391,-0.04470506641730554,8.750001907348633,10.844049453735352,2.0940475463867188,45.0,63.0,18.0,0.0,0.06666666666666667,0.06666666666666667,7,6,0,1,1,0,5,14,9,1,1
train,3888,metadata_control_replication,mp3d/759xd9YjKW5/759xd9YjKW5.glb,1,1,0,1.0,1.0,0.0,0.8497099281209163,0.8497099281209163,0.0,4.937865734100342,4.937865734100342,0.0,32.0,32.0,0.0,0.3333333333333333,0.3333333333333333,0.0,4,4,,4,0,0,4.5,13,8.5,,
train,3983,metadata_control_replication,mp3d/uNb9QFRL6hY/uNb9QFRL6hY.glb,1,1,0,1.0,1.0,0.0,0.9445103909522999,0.931975194664965,-0.012535196287334904,4.895533084869385,5.31777811050415,0.4222450256347656,29.0,29.0,0.0,0.0,0.045454545454545456,0.045454545454545456,5,3,0,1,1,0,5,14,9,1,1
train,4758,metadata_control_replication,mp3d/uNb9QFRL6hY/uNb9QFRL6hY.glb,1,1,0,1.0,1.0,0.0,0.5577792571264684,0.5626374409003413,0.004858183773872926,5.013657569885254,5.429895401000977,0.41623783111572266,38.0,40.0,2.0,0.0,0.13043478260869565,0.13043478260869565,5,3,0,1,1,0,4,12,8,1,1
train,5280,metadata_control_replication,mp3d/r47D5H71a5s/r47D5H71a5s.glb,1,1,0,1.0,1.0,0.0,0.9468321061499163,0.8844409954384095,-0.062391110711506825,10.493589401245117,10.376232147216797,-0.11735725402832031,63.0,63.0,0.0,0.023255813953488372,0.11363636363636363,0.09038054968287526,8,6,1,2,1,0,4.5,11.5,7,1,1
train,5547,metadata_control_replication,mp3d/r1Q1Z4BcV1o/r1Q1Z4BcV1o.glb,1,1,0,0.7366373162283829,0.8842745860348257,0.14763726980644276,0.8110194245772349,0.9037695343975085,0.09275010982027365,16.499998092651367,13.7451810836792,-2.754817008972168,101.0,86.0,-15.0,0.0,0.017857142857142856,0.017857142857142856,10,7,0,1,1,0,5,12,7,1,1
train,6014,metadata_control_replication,mp3d/pRbA3pwrgk9/pRbA3pwrgk9.glb,1,1,0,1.0,0.9207057890131207,-0.07929421098687928,0.8412378176857749,0.9025107481120187,0.06127293042624382,10.466218948364258,11.558691024780273,1.0924720764160156,58.0,71.0,13.0,0.023809523809523808,0.0851063829787234,0.061296859169199594,7,6,0,1,1,0,5,15,10,1,1
train,6214,metadata_control_replication,mp3d/rPc6DW4iMge/rPc6DW4iMge.glb,1,1,0,1.0,1.0,0.0,0.9412761200760936,0.9176703301921454,-0.023605789883948236,12.256382942199707,10.749995231628418,-1.506387710571289,62.0,53.0,-9.0,0.0,0.0,0.0,8,6,4,5,1,0,4,11.2,7.2,1,1
train,6301,metadata_control_replication,mp3d/VFuaQ6m2Qom/VFuaQ6m2Qom.glb,1,1,0,1.0,0.18549774590212093,-0.814502254097879,0.8950014093804676,0.049222081892150694,-0.8457793274883169,6.5,42.20354461669922,35.70354461669922,39.0,267.0,228.0,0.0,0.04678362573099415,0.04678362573099415,6,9,0,1,1,0,5,14,9,1,1
train,6499,metadata_control_replication,mp3d/b8cTxDM8gDG/b8cTxDM8gDG.glb,1,0,-1,0.9213908621179304,0.0,-0.9213908621179304,0.7056904343151839,0.5582903402013905,-0.1474000941137934,11.823689460754395,13.44100570678711,1.6173162460327148,62.0,75.0,13.0,0.02127659574468085,0.15254237288135594,0.1312657771366751,8,9,0,1,1,0,5,13,8,1,1
train,7202,metadata_control_replication,mp3d/5LpN3gDmAk7/5LpN3gDmAk7.glb,1,1,0,0.9988563381225436,0.9572383460772068,-0.04161799204533678,0.9425821489963119,0.7262176398815631,-0.2163645091147488,5.750004768371582,5.999998569488525,0.24999380111694336,33.0,38.0,5.0,0.0,0.0,0.0,4,4,0,1,1,0,4,12,8,1,1
train,7210,metadata_control_replication,mp3d/SN83YJsR3w2/SN83YJsR3w2.glb,1,1,0,1.0,0.43481307364944216,-0.5651869263505578,0.9514648714186034,0.6836831212519051,-0.26778175016669825,12.528045654296875,31.220956802368164,18.69291114807129,69.0,240.0,171.0,0.0,0.023809523809523808,0.023809523809523808,10,10,0,1,1,0,5,14,9,1,1
train,7246,metadata_control_replication,mp3d/VFuaQ6m2Qom/VFuaQ6m2Qom.glb,1,1,0,1.0,1.0,0.0,0.9306497159933039,0.9082644199632316,-0.022385296030072332,7.544731140136719,7.269310474395752,-0.2754206657409668,40.0,36.0,-4.0,0.0,0.03333333333333333,0.03333333333333333,6,5,0,1,1,0,5,14,9,1,1
train,7300,metadata_control_replication,mp3d/p5wJjkQkbXX/p5wJjkQkbXX.glb,1,1,0,0.9469581600833799,0.9374123195582547,-0.009545840525125193,0.8210818212217622,0.8533291908165271,0.03224736959476493,11.278497695922852,11.393348693847656,0.11485099792480469,74.0,70.0,-4.0,0.0,0.043478260869565216,0.043478260869565216,7,6,0,1,1,0,5,14,9,1,1
train,7334,metadata_control_replication,mp3d/rPc6DW4iMge/rPc6DW4iMge.glb,1,1,0,0.7474971570466694,0.7301601029770645,-0.01733705406960495,0.8287950533223474,0.8515094042917162,0.0227143509693688,9.5,9.725569725036621,0.2255697250366211,77.0,73.0,-4.0,0.0,0.025,0.025,7,7,0,1,1,0,5,15,10,1,1
train,7520,metadata_control_replication,mp3d/JeFG25nYj2p/JeFG25nYj2p.glb,1,1,0,1.0,1.0,0.0,0.9212155995561747,0.9359203566604248,0.014704757104250121,6.652307033538818,7.402307033538818,0.75,46.0,47.0,1.0,0.2,0.18181818181818182,-0.018181818181818188,5,4,1,2,1,0,4.5,13,8.5,1,1
train,7651,metadata_control_replication,mp3d/5LpN3gDmAk7/5LpN3gDmAk7.glb,1,1,0,0.8399647291901926,0.758041987980499,-0.08192274120969356,0.8896097357105526,0.8445051856359654,-0.045104550074587135,9.649545669555664,10.692386627197266,1.0428409576416016,66.0,61.0,-5.0,0.07317073170731707,0.0,-0.07317073170731707,7,5,0,1,1,0,5,15,10,1,1
train,7732,metadata_control_replication,mp3d/uNb9QFRL6hY/uNb9QFRL6hY.glb,1,1,0,1.0,1.0,0.0,0.9090910030792654,0.9327879620835724,0.023696959004307017,4.298814296722412,5.047015190124512,0.7482008934020996,33.0,35.0,2.0,0.0,0.0,0.0,5,4,0,1,1,0,4,11,7,1,1
train,7840,metadata_control_replication,mp3d/JeFG25nYj2p/JeFG25nYj2p.glb,1,1,0,0.8453268883607371,0.7044390139179201,-0.14088787444281703,0.8654564158679625,0.8501571679282173,-0.015299247939745242,7.500000953674316,9.000001907348633,1.5000009536743164,44.0,58.0,14.0,0.0,0.0,0.0,6,6,2,3,1,0,5,13,8,1,1
train,7892,metadata_control_replication,mp3d/jh4fc5c5qoQ/jh4fc5c5qoQ.glb,1,1,0,1.0,0.8657667898824565,-0.13423321011754352,0.9262967019551726,0.9049091984753023,-0.021387503479870285,8.033605575561523,10.03113079071045,1.9975252151489258,42.0,49.0,7.0,0.0,0.0,0.0,6,5,0,1,1,0,5,13,8,1,1
train,7922,metadata_control_replication,mp3d/p5wJjkQkbXX/p5wJjkQkbXX.glb,1,1,0,0.936820960621053,0.7314074567760352,-0.20541350384501778,0.9516529234135648,0.8465668534708197,-0.10508606994274505,7.08060359954834,9.069169044494629,1.988565444946289,43.0,56.0,13.0,0.0,0.0,0.0,7,5,0,1,1,0,4,11,7,1,1
train,7928,metadata_control_replication,mp3d/r47D5H71a5s/r47D5H71a5s.glb,1,1,0,0.9917618278198036,0.910819639165471,-0.08094218865433256,0.9552932892755439,0.9121269480329424,-0.04316634124260155,6.04536771774292,6.582603931427002,0.537236213684082,36.0,37.0,1.0,0.0,0.0,0.0,4,4,0,1,1,0,5,13,8,1,1
train,7993,metadata_control_replication,mp3d/b8cTxDM8gDG/b8cTxDM8gDG.glb,1,1,0,0.9148754196660982,1.0,0.0851245803339018,0.9034437624750093,0.9293462039474573,0.025902441472447912,9.749988555908203,8.749988555908203,-1.0,53.0,49.0,-4.0,0.0,0.0,0.0,7,5,0,1,1,0,4,11,7,1,1
train,8195,metadata_control_replication,mp3d/SN83YJsR3w2/SN83YJsR3w2.glb,1,1,0,1.0,0.7982969056752838,-0.20170309432471623,0.9270468347311142,0.8973552027532918,-0.02969163197782232,4.753711223602295,6.499129295349121,1.7454180717468262,25.0,34.0,9.0,0.0,0.037037037037037035,0.037037037037037035,4,4,0,1,1,0,4,11,7,1,1
train,8474,metadata_control_replication,mp3d/759xd9YjKW5/759xd9YjKW5.glb,1,1,0,0.9782509227399993,1.0,0.02174907726000075,0.9452535647906203,0.9313998837782829,-0.013853681012337415,7.716034889221191,7.296219348907471,-0.4198155403137207,57.0,47.0,-10.0,0.03125,0.21875,0.1875,8,4,0,1,1,0,4,11,7,1,1
train,8523,metadata_control_replication,mp3d/jh4fc5c5qoQ/jh4fc5c5qoQ.glb,1,1,0,1.0,0.9755151646123796,-0.024484835387620363,0.9485451835756421,0.853452549304743,-0.09509263427089909,5.089513778686523,5.578068256378174,0.4885544776916504,29.0,34.0,5.0,0.2727272727272727,0.25,-0.022727272727272707,4,4,1,2,1,0,5,13.5,8.5,1,1
train,8786,metadata_control_replication,mp3d/7y3sRwLe3Va/7y3sRwLe3Va.glb,1,1,0,0.7368514543287756,0.9050382434320634,0.16818678910328777,0.7607100088566467,0.8598701991955949,0.09916019033894818,17.249996185302734,14.04436206817627,-3.205634117126465,109.0,78.0,-31.0,0.0,0.034482758620689655,0.034482758620689655,12,8,0,1,1,0,5,14,9,1,1
train,8802,metadata_control_replication,mp3d/uNb9QFRL6hY/uNb9QFRL6hY.glb,1,1,0,1.0,1.0,0.0,0.9201446059147855,0.9149071002001093,-0.005237505714676183,4.236824989318848,4.799231052398682,0.562406063079834,32.0,32.0,0.0,0.3333333333333333,0.30434782608695654,-0.028985507246376774,4,3,1,2,1,0,5,14,9,1,1
train,8838,metadata_control_replication,mp3d/jh4fc5c5qoQ/jh4fc5c5qoQ.glb,1,1,0,0.9066307743683772,1.0,0.09336922563162275,0.9274752714571411,0.9381955799789573,0.010720308521816158,6.251317024230957,5.143132209777832,-1.108184814453125,38.0,40.0,2.0,0.0,0.045454545454545456,0.045454545454545456,6,4,0,1,1,0,5,14,9,1,1
train,8943,metadata_control_replication,mp3d/r1Q1Z4BcV1o/r1Q1Z4BcV1o.glb,1,0,-1,0.8843822479248047,0.0,-0.8843822479248047,0.8858252210469912,0.7149680556364558,-0.17085716541053542,14.5,16.249998092651367,1.7499980926513672,73.0,106.0,33.0,0.0,0.0,0.0,9,8,1,2,1,0,4.5,12.5,8,1,1
train,9153,metadata_control_replication,mp3d/r1Q1Z4BcV1o/r1Q1Z4BcV1o.glb,1,1,0,0.9612179477926933,0.9359227487974674,-0.02529519899522592,0.9447205219537527,0.9348179951069033,-0.009902526846849335,9.250003814697266,9.500003814697266,0.25,58.0,57.0,-1.0,0.0,0.0,0.0,8,6,1,2,1,0,5,13.5,8.5,1,1
train,9155,metadata_control_replication,mp3d/7y3sRwLe3Va/7y3sRwLe3Va.glb,1,1,0,1.0,1.0,0.0,0.9300640025551167,0.9178510010542135,-0.012213001500903209,7.921247482299805,7.769418716430664,-0.15182876586914062,40.0,38.0,-2.0,0.0,0.0,0.0,8,6,4,5,1,0,4.6,12.4,7.8,1,1
train,9257,metadata_control_replication,mp3d/ac26ZMwG7aT/ac26ZMwG7aT.glb,1,1,0,1.0,1.0,0.0,0.8743397690024604,0.9074645164327461,0.033124747430285706,4.994747638702393,5.244745254516602,0.24999761581420898,26.0,26.0,0.0,0.047619047619047616,0.045454545454545456,-0.0021645021645021606,5,4,2,3,1,0,4.666666666666667,12.333333333333334,7.666666666666667,1,1
train,9467,metadata_control_replication,mp3d/ac26ZMwG7aT/ac26ZMwG7aT.glb,1,0,-1,0.8396060254311284,0.0,-0.8396060254311284,0.9328116300326663,0.5783633970706336,-0.35444823296203276,12.971195220947266,7.481233596801758,-5.489961624145508,89.0,64.0,-25.0,0.05660377358490566,0.4594594594594595,0.40285568587455384,12,5,0,1,1,0,4,12,8,1,1
train,10171,metadata_control_replication,mp3d/JeFG25nYj2p/JeFG25nYj2p.glb,1,1,0,1.0,1.0,0.0,0.9394376188515953,0.8274666272732883,-0.11197099157830692,5.750000476837158,4.499999523162842,-1.2500009536743164,34.0,30.0,-4.0,0.0,0.0,0.0,4,3,0,1,1,0,4,11,7,1,1
train,10366,metadata_control_replication,mp3d/pRbA3pwrgk9/pRbA3pwrgk9.glb,1,1,0,0.9856199263808691,0.954097848250092,-0.03152207813077712,0.9026690506268971,0.9191614522939222,0.016492401667025147,7.566915988922119,7.816916465759277,0.2500004768371582,48.0,46.0,-2.0,0.14705882352941177,0.14285714285714285,-0.00420168067226892,6,5,2,3,1,0,4.666666666666667,12,7.333333333333333,1,1
train,10429,metadata_control_replication,mp3d/JmbYfDe2QKZ/JmbYfDe2QKZ.glb,1,1,0,0.9890153774008149,0.514760510344103,-0.47425486705671194,0.9687053858777722,0.6852941932460189,-0.2834111926317533,7.748208045959473,14.886722564697266,7.138514518737793,56.0,113.0,57.0,0.03125,0.04838709677419355,0.017137096774193547,7,7,0,1,1,0,4,11,7,1,1
train,10574,metadata_control_replication,mp3d/JeFG25nYj2p/JeFG25nYj2p.glb,1,1,0,0.7576947598843962,1.0,0.24230524011560384,0.6985528063672504,0.8324318804754579,0.13387907410820754,9.25,6.870694160461426,-2.379305839538574,45.0,34.0,-11.0,0.0,0.10344827586206896,0.10344827586206896,8,4,0,1,1,0,4,12,8,1,1
train,10811,metadata_control_replication,mp3d/rPc6DW4iMge/rPc6DW4iMge.glb,1,1,0,0.9577927715325498,1.0,0.042207228467450175,0.8833656814050393,0.9165478020844364,0.033182120679397076,13.022723197937012,11.522724151611328,-1.4999990463256836,68.0,57.0,-11.0,0.0,0.0,0.0,9,6,0,1,1,0,5,12,7,1,1
unseen,7,metadata_control_replication,mp3d/x8F5xyUWy9e/x8F5xyUWy9e.glb,1,1,0,1.0,1.0,0.0,0.8412877709314589,0.8412877709314589,0.0,9.0465669631958,9.0465669631958,0.0,52.0,52.0,0.0,0.2894736842105263,0.2894736842105263,0.0,5,5,,5,0,0,4.6,12.8,8.2,,
unseen,14,metadata_control_replication,mp3d/zsNo4HB9uLZ/zsNo4HB9uLZ.glb,1,0,-1,1.0,0.0,-1.0,0.91143928929057,0.5622759606554261,-0.349163328635144,11.734405517578125,9.224002838134766,-2.5104026794433594,65.0,54.0,-11.0,0.08333333333333333,0.15789473684210525,0.07456140350877193,9,6,0,1,1,0,5,14,9,1,1
unseen,107,metadata_control_replication,mp3d/TbHJrupSAjP/TbHJrupSAjP.glb,1,1,0,0.9041575184525689,0.7502596495408336,-0.1538978689117353,0.9279320004257212,0.8706531097504221,-0.05727889067529912,8.20988941192627,9.893952369689941,1.6840629577636719,51.0,66.0,15.0,0.0,0.1,0.1,8,6,1,2,1,0,4.5,12,7.5,1,1
unseen,159,metadata_control_replication,mp3d/2azQ1b91cZZ/2azQ1b91cZZ.glb,1,1,0,0.8955537397589645,0.8536197325520132,-0.041934007206951285,0.9413911904587994,0.8591654419966399,-0.08222574846215946,9.999996185302734,10.49124526977539,0.49124908447265625,47.0,54.0,7.0,0.0,0.023255813953488372,0.023255813953488372,7,6,1,2,1,0,4.5,11.5,7,1,1
unseen,166,metadata_control_replication,mp3d/2azQ1b91cZZ/2azQ1b91cZZ.glb,1,0,-1,0.5616404951083301,0.0,-0.5616404951083301,0.7487753236539988,0.4499419934595541,-0.2988333301944447,10.699926376342773,10.953996658325195,0.2540702819824219,83.0,59.0,-24.0,0.06818181818181818,0.08888888888888889,0.020707070707070716,8,6,0,1,1,0,5,14,9,1,1
unseen,268,metadata_control_replication,mp3d/oLBMNvg9in8/oLBMNvg9in8.glb,1,1,0,0.12941692976437114,0.04515085421339453,-0.08426607555097661,0.08520255264593928,1.2253455053466216e-05,-0.0851902991908858,34.5406379699707,99.00462341308594,64.46398544311523,318.0,813.0,495.0,0.01652892561983471,0.04918032786885246,0.03265140224901775,14,15,0,1,1,0,5,13,8,1,1
unseen,370,metadata_control_replication,mp3d/X7HyMhZNoso/X7HyMhZNoso.glb,1,1,0,1.0,1.0,0.0,0.9200412697192494,0.8614390790131702,-0.058602190706079194,7.6354875564575195,6.970423698425293,-0.6650638580322266,38.0,33.0,-5.0,0.0,0.10344827586206896,0.10344827586206896,6,4,0,1,1,0,5,14,9,1,1
unseen,381,metadata_control_replication,mp3d/QUCTc6BB5sX/QUCTc6BB5sX.glb,1,1,0,0.6686909866179,0.4684213598459917,-0.20026962677190835,0.7679192134350376,0.48294174437550635,-0.2849774690595312,18.907154083251953,26.99074935913086,8.083595275878906,157.0,243.0,86.0,0.0625,0.14754098360655737,0.08504098360655737,15,15,0,1,1,0,5,14,9,1,1
unseen,382,metadata_control_replication,mp3d/X7HyMhZNoso/X7HyMhZNoso.glb,1,0,-1,0.7576826736763098,0.0,-0.7576826736763098,0.8211157557895638,0.7918278875918554,-0.029287868197708344,11.773375511169434,9.006122589111328,-2.7672529220581055,95.0,55.0,-40.0,0.125,0.13513513513513514,0.010135135135135143,10,6,1,2,1,0,5,13.5,8.5,1,1
unseen,392,metadata_control_replication,mp3d/Z6MFQCViBuw/Z6MFQCViBuw.glb,1,0,-1,0.7525031342583997,0.0,-0.7525031342583997,0.7962244262927257,0.14650641915950396,-0.6497180071332218,14.899552345275879,37.43553161621094,22.53597927093506,81.0,242.0,161.0,0.0,0.0,0.0,9,14,1,2,1,0,5,13,8,1,1
unseen,413,metadata_control_replication,mp3d/pLe4wQe7qrG/pLe4wQe7qrG.glb,1,0,-1,0.9389409693536662,0.0,-0.9389409693536662,0.5444385808258396,0.14441000820001226,-0.40002857262582736,4.816600322723389,10.843387603759766,6.026787281036377,136.0,94.0,-42.0,0.9625,0.6612903225806451,-0.3012096774193549,15,7,1,2,1,0,5,14,9,1,1
unseen,500,metadata_control_replication,mp3d/QUCTc6BB5sX/QUCTc6BB5sX.glb,1,1,0,0.9956103794231833,0.9285436932499929,-0.06706668617319045,0.9046074093482318,0.8877223316312789,-0.016885077716952912,9.405258178710938,10.084579467773438,0.6793212890625,63.0,60.0,-3.0,0.3018867924528302,0.21568627450980393,-0.08620051794302624,10,7,0,1,1,0,5,15,10,1,1
unseen,507,metadata_control_replication,mp3d/zsNo4HB9uLZ/zsNo4HB9uLZ.glb,1,1,0,1.0,1.0,0.0,0.8898507359472342,0.8780787419006468,-0.011771994046587353,6.361111164093018,5.92234468460083,-0.4387664794921875,52.0,35.0,-17.0,0.21875,0.12,-0.09875,6,4,0,1,1,0,5,14,9,1,1
unseen,553,metadata_control_replication,mp3d/x8F5xyUWy9e/x8F5xyUWy9e.glb,1,1,0,0.23680808849754909,1.0,0.7631919115024509,0.06171816771532592,0.9626452367034554,0.9009270689881295,25.551334381103516,5.078025817871094,-20.473308563232422,232.0,35.0,-197.0,0.029411764705882353,0.0,-0.029411764705882353,15,4,0,1,1,0,4,12,8,1,1
unseen,640,metadata_control_replication,mp3d/x8F5xyUWy9e/x8F5xyUWy9e.glb,1,1,0,1.0,1.0,0.0,0.9296243920054178,0.9017183592557153,-0.027906032749702492,7.000000476837158,6.573029518127441,-0.4269709587097168,44.0,39.0,-5.0,0.0,0.14285714285714285,0.14285714285714285,6,4,0,1,1,0,5,15,10,1,1
unseen,651,metadata_control_replication,mp3d/pLe4wQe7qrG/pLe4wQe7qrG.glb,1,1,0,0.5111085741799211,0.7343103916708683,0.22320181749094725,0.10973661654629373,0.3913312017169091,0.28159458517061536,9.982671737670898,6.948327541351318,-3.03434419631958,69.0,52.0,-17.0,0.23404255319148937,0.1,-0.13404255319148936,9,6,0,1,1,0,4,13,9,1,1
unseen,730,metadata_control_replication,mp3d/8194nk5LbLH/8194nk5LbLH.glb,1,0,-1,0.6151107753628346,0.0,-0.6151107753628346,0.11721939011071184,0.05422756378853471,-0.06299182632217712,17.686500549316406,20.241718292236328,2.555217742919922,105.0,110.0,5.0,0.013888888888888888,0.06097560975609756,0.04708672086720867,11,10,0,1,1,0,5,14,9,1,1
unseen,776,metadata_control_replication,mp3d/EU6Fwq7SyZv/EU6Fwq7SyZv.glb,1,0,-1,0.8940937359391729,0.0,-0.8940937359391729,0.8580382505781656,0.7587027690258806,-0.099335481552285,11.477246284484863,10.710821151733398,-0.7664251327514648,66.0,149.0,83.0,0.022222222222222223,0.5454545454545454,0.5232323232323232,9,13,2,3,1,0,4.666666666666667,13,8.333333333333334,1,1
unseen,783,metadata_control_replication,mp3d/EU6Fwq7SyZv/EU6Fwq7SyZv.glb,1,1,0,0.7741789918625952,0.8635073108651643,0.0893283190025691,0.8491274134839151,0.8920944613538879,0.04296704786997285,7.250001907348633,6.500001907348633,-0.75,42.0,35.0,-7.0,0.0,0.0,0.0,6,4,1,2,1,0,4,10,6,1,1
unseen,833,metadata_control_replication,mp3d/2azQ1b91cZZ/2azQ1b91cZZ.glb,1,1,0,1.0,1.0,0.0,0.9091343527432877,0.8298091785087561,-0.07932517423453156,8.740697860717773,8.203267097473145,-0.5374307632446289,51.0,44.0,-7.0,0.027777777777777776,0.058823529411764705,0.03104575163398693,7,6,0,1,1,0,5,14,9,1,1
unseen,885,metadata_control_replication,mp3d/EU6Fwq7SyZv/EU6Fwq7SyZv.glb,1,1,0,0.8805474404098964,0.9153709754817416,0.03482353507184521,0.8662417660158053,0.8987753901120492,0.03253362409624394,7.976686000823975,7.6732282638549805,-0.30345773696899414,50.0,39.0,-11.0,0.22580645161290322,0.034482758620689655,-0.19132369299221358,7,5,2,3,1,0,4.333333333333333,12.666666666666666,8.333333333333334,1,1
unseen,893,metadata_control_replication,mp3d/zsNo4HB9uLZ/zsNo4HB9uLZ.glb,1,1,0,1.0,1.0,0.0,0.9266723019436323,0.879831699907935,-0.04684060203569729,9.499999046325684,8.5,-0.9999990463256836,47.0,41.0,-6.0,0.0,0.0,0.0,8,5,0,1,1,0,5,14,9,1,1
unseen,931,metadata_control_replication,mp3d/2azQ1b91cZZ/2azQ1b91cZZ.glb,1,0,-1,0.3076201259839002,0.0,-0.3076201259839002,0.0010525254797830205,7.829722011014503e-07,-0.001051742507581919,26.984256744384766,50.2269401550293,23.24268341064453,159.0,373.0,214.0,0.01834862385321101,0.11330049261083744,0.09495186875762643,15,15,0,1,1,0,5,14,9,1,1
unseen,1026,metadata_control_replication,mp3d/zsNo4HB9uLZ/zsNo4HB9uLZ.glb,1,0,-1,1.0,0.0,-1.0,0.9578046377697006,0.428438214215957,-0.5293664235537436,14.70433521270752,8.542759895324707,-6.1615753173828125,78.0,49.0,-29.0,0.016666666666666666,0.3783783783783784,0.36171171171171174,12,5,0,1,1,0,5,14,9,1,1
unseen,1054,metadata_control_replication,mp3d/x8F5xyUWy9e/x8F5xyUWy9e.glb,1,1,0,1.0,0.9961550931268335,-0.0038449068731665204,0.9505543029761369,0.9312478837941542,-0.019306419181982615,5.750000953674316,6.737518787384033,0.9875178337097168,31.0,33.0,2.0,0.0,0.06896551724137931,0.06896551724137931,5,4,1,2,1,0,4.5,11.5,7,1,1
unseen,1093,metadata_control_replication,mp3d/QUCTc6BB5sX/QUCTc6BB5sX.glb,1,0,-1,1.0,0.0,-1.0,0.9569480027970666,0.5686516406865434,-0.3882963621105232,8.737773895263672,12.195159912109375,3.457386016845703,48.0,64.0,16.0,0.05555555555555555,0.1320754716981132,0.07651991614255765,7,7,0,1,1,0,5,14,9,1,1
unseen,1149,metadata_control_replication,mp3d/8194nk5LbLH/8194nk5LbLH.glb,1,0,-1,0.5607937649323237,0.0,-0.5607937649323237,0.07829407199940913,0.10512220066000347,0.026828128660594336,14.702852249145508,13.171897888183594,-1.530954360961914,77.0,81.0,4.0,0.03333333333333333,0.037037037037037035,0.003703703703703702,9,8,0,1,0,0,5,13,8,1,1
unseen,1174,metadata_control_replication,mp3d/TbHJrupSAjP/TbHJrupSAjP.glb,1,1,0,0.9464717596004932,0.8650956476427514,-0.08137611195774186,0.9104742085304239,0.9381438609063765,0.027669652375952536,10.65251636505127,11.654556274414062,1.002039909362793,65.0,71.0,6.0,0.0,0.0,0.0,8,10,0,1,1,0,5,15,10,1,1
unseen,1186,metadata_control_replication,mp3d/X7HyMhZNoso/X7HyMhZNoso.glb,1,1,0,1.0,1.0,0.0,0.9708577890240475,0.960102176237771,-0.010755612786276458,8.469762802124023,8.477554321289062,0.0077915191650390625,47.0,46.0,-1.0,0.0,0.0,0.0,6,5,3,4,1,0,4.25,12,7.75,1,1
unseen,1263,metadata_control_replication,mp3d/zsNo4HB9uLZ/zsNo4HB9uLZ.glb,1,1,0,1.0,1.0,0.0,0.9051539087669414,0.9230915294268045,0.01793762065986315,8.499992370605469,9.249993324279785,0.7500009536743164,46.0,46.0,0.0,0.0,0.0,0.0,7,6,1,2,1,0,4,10.5,6.5,1,1
unseen,1278,metadata_control_replication,mp3d/TbHJrupSAjP/TbHJrupSAjP.glb,1,1,0,0.8520217783677821,0.7556668378203618,-0.09635494054742033,0.8836782496159057,0.8292062566665663,-0.054471992949339354,10.163829803466797,11.459817886352539,1.2959880828857422,77.0,80.0,3.0,0.24,0.3157894736842105,0.07578947368421052,8,7,2,3,1,0,5,14,9,1,1
unseen,1483,metadata_control_replication,mp3d/pLe4wQe7qrG/pLe4wQe7qrG.glb,1,1,0,1.0,1.0,0.0,0.9432914098972822,0.9222419667039791,-0.021049443193303152,6.344675064086914,6.469961166381836,0.12528610229492188,38.0,37.0,-1.0,0.3333333333333333,0.3333333333333333,0.0,5,4,0,1,1,0,5,13,8,1,1
unseen,1507,metadata_control_replication,mp3d/8194nk5LbLH/8194nk5LbLH.glb,1,1,0,0.8513247244379538,0.7829373652036847,-0.06838735923426909,0.8904419225205948,0.8854449862369839,-0.004996936283610975,9.820893287658691,10.678720474243164,0.8578271865844727,61.0,59.0,-2.0,0.2,0.09523809523809523,-0.10476190476190478,7,6,1,2,1,0,4.5,12.5,8,1,1
unseen,1552,metadata_control_replication,mp3d/EU6Fwq7SyZv/EU6Fwq7SyZv.glb,1,0,-1,0.6169053691174121,0.0,-0.6169053691174121,0.6242299901845364,0.6648270611382822,0.04059707095374576,9.817976951599121,5.27858829498291,-4.539388656616211,104.0,57.0,-47.0,0.1282051282051282,0.4166666666666667,0.2884615384615385,9,5,1,2,1,0,5,14,9,1,1
unseen,1568,metadata_control_replication,mp3d/X7HyMhZNoso/X7HyMhZNoso.glb,1,1,0,1.0,1.0,0.0,0.8456552221546764,0.9117705185289747,0.06611529637429836,5.499996662139893,6.914398670196533,1.4144020080566406,35.0,45.0,10.0,0.0,0.034482758620689655,0.034482758620689655,5,4,0,1,1,0,5,13,8,1,1
unseen,1605,metadata_control_replication,mp3d/x8F5xyUWy9e/x8F5xyUWy9e.glb,1,1,0,0.6445707400552683,0.7314670306159999,0.08689629056073167,0.7770896396925787,0.8414101160317826,0.0643204763392039,10.696256637573242,9.425570487976074,-1.270686149597168,69.0,64.0,-5.0,0.0,0.07692307692307693,0.07692307692307693,9,6,0,1,1,0,4,11,7,1,1
unseen,1608,metadata_control_replication,mp3d/2azQ1b91cZZ/2azQ1b91cZZ.glb,1,0,-1,0.547023100011489,0.0,-0.547023100011489,0.46139225108392823,0.21845993002637615,-0.24293232105755208,12.75,8.504072189331055,-4.245927810668945,72.0,67.0,-5.0,0.0,0.0,0.0,10,6,0,1,1,0,5,14,9,1,1
unseen,1624,metadata_control_replication,mp3d/pLe4wQe7qrG/pLe4wQe7qrG.glb,1,1,0,0.7229799613651194,0.7292882868744838,0.006308325509364332,0.8204683122997566,0.8407968572035351,0.020328544903778556,6.8901238441467285,6.830524444580078,-0.05959939956665039,42.0,38.0,-4.0,0.625,0.5666666666666667,-0.05833333333333335,6,4,0,1,1,0,4,10,6,1,1
unseen,1657,metadata_control_replication,mp3d/Z6MFQCViBuw/Z6MFQCViBuw.glb,1,1,0,0.9969996310624148,1.0,0.0030003689375851517,0.9763965591377779,0.8883885052366264,-0.08800805390115152,8.059782028198242,7.838543891906738,-0.2212381362915039,39.0,42.0,3.0,0.0,0.0,0.0,5,5,0,1,1,0,4,11,7,1,1
unseen,1677,metadata_control_replication,mp3d/X7HyMhZNoso/X7HyMhZNoso.glb,1,1,0,0.9311940402634463,0.6996405036248481,-0.23155353663859823,0.9611197111221856,0.8399211309178959,-0.12119858020428975,5.994204044342041,7.978050231933594,1.9838461875915527,42.0,55.0,13.0,0.0,0.03225806451612903,0.03225806451612903,7,6,3,4,1,0,4.25,12.5,8.25,1,1
unseen,1689,metadata_control_replication,mp3d/oLBMNvg9in8/oLBMNvg9in8.glb,1,1,0,0.7403718192400406,0.6086033904429041,-0.13176842879713646,0.880066175595869,0.8117505721260716,-0.06831560346979737,12.37598991394043,15.055509567260742,2.6795196533203125,80.0,107.0,27.0,0.08333333333333333,0.12280701754385964,0.039473684210526314,11,7,0,1,1,0,4,13,9,1,1
unseen,1708,metadata_control_replication,mp3d/TbHJrupSAjP/TbHJrupSAjP.glb,1,0,-1,0.8246801948508299,0.0,-0.8246801948508299,0.8052971939654257,0.7465856359689855,-0.05871155799644012,11.873769760131836,11.75,-0.12376976013183594,63.0,64.0,1.0,0.08163265306122448,0.0,-0.08163265306122448,10,6,0,1,1,0,4,12,8,1,1
unseen,1778,metadata_control_replication,mp3d/pLe4wQe7qrG/pLe4wQe7qrG.glb,1,0,-1,1.0,0.0,-1.0,0.528773785384533,0.073210966790602,-0.455562818593931,4.739521026611328,18.637435913085938,13.89791488647461,32.0,213.0,181.0,0.2,0.18181818181818182,-0.018181818181818188,4,12,0,1,1,0,4,11,7,1,1
unseen,1803,metadata_control_replication,mp3d/2azQ1b91cZZ/2azQ1b91cZZ.glb,1,1,0,0.9419193790655596,1.0,0.05808062093444044,0.926606034706816,0.9305507333873061,0.0039446986804900774,10.513457298278809,9.513456344604492,-1.0000009536743164,63.0,57.0,-6.0,0.0,0.0,0.0,8,5,2,3,1,0,4.666666666666667,11.666666666666666,7,1,1
