route_count,scene_count,a0_success_routes,a1_success_routes,a0_sr,a1_sr,rescued_routes,destroyed_success_routes,mean_delta_spl,mean_delta_ndtw,mean_delta_path_length,mean_delta_steps,mean_delta_collisions,direct_new_first_divergence_routes,matched_prefix_nested_violations,scene_id,episode_ids
7,1,7,4,1.0,0.5714285714285714,0,3,-0.24429614235316652,-0.11616654332930741,3.4289553506033763,32.42857142857143,0.024424664400165757,7,0,mp3d/2azQ1b91cZZ/2azQ1b91cZZ.glb,159|1608|1608|166|1803|833|931
4,1,4,4,1.0,1.0,0,0,-0.07448965417838477,-0.09189388940677823,0.5230014324188232,0.75,0.07848151062155784,4,0,mp3d/5LpN3gDmAk7/5LpN3gDmAk7.glb,3633|6|7202|7651
3,1,3,3,1.0,1.0,0,0,-0.060642469121778286,-0.017168335179991612,0.8225353558858236,2.6666666666666665,0.07974137931034483,2,0,mp3d/759xd9YjKW5/759xd9YjKW5.glb,3324|3888|8474
4,1,4,4,1.0,1.0,0,0,0.04846172098406068,0.01693133394541191,-0.9148974418640137,-9.5,0.020815811606391926,4,0,mp3d/7y3sRwLe3Va/7y3sRwLe3Va.glb,2408|8|8786|9155
3,1,3,1,1.0,0.3333333333333333,0,2,-0.4147639665098091,-0.013720211315064587,0.6273635228474935,2.3333333333333335,-0.01799049339699747,2,0,mp3d/8194nk5LbLH/8194nk5LbLH.glb,1149|1507|730
4,1,4,2,1.0,0.5,0,2,-0.34671181274554264,0.004190565341919389,-1.5898178815841675,4.5,0.15509254217541202,4,0,mp3d/EU6Fwq7SyZv/EU6Fwq7SyZv.glb,1552|776|783|885
4,1,4,4,1.0,1.0,0,0,0.025354341418196702,0.0053283979236013745,-0.34482645988464355,0.0,0.021316614420062694,4,0,mp3d/JeFG25nYj2p/JeFG25nYj2p.glb,10171|10574|7520|7840
2,1,2,2,1.0,1.0,0,0,-0.33224633110373025,-0.16405812952452942,4.616281032562256,37.5,0.041901881720430106,2,0,mp3d/JmbYfDe2QKZ/JmbYfDe2QKZ.glb,10429|3793
3,1,3,2,1.0,0.6666666666666666,0,1,-0.4224454376483663,-0.23005296962900243,4.073434193929036,33.0,0.025120127268696262,3,0,mp3d/QUCTc6BB5sX/QUCTc6BB5sX.glb,1093|381|500
3,1,3,3,1.0,1.0,0,0,-0.25594137796661864,-0.09198810222843035,6.816447099049886,57.666666666666664,0.013189988367293331,3,0,mp3d/SN83YJsR3w2/SN83YJsR3w2.glb,7210|8195|844
4,1,4,3,1.0,0.75,0,1,-0.2890772790669318,-0.035698197311281515,0.9645802974700928,6.25,0.02353920515574651,4,0,mp3d/TbHJrupSAjP/TbHJrupSAjP.glb,107|1174|1278|1708
4,1,4,4,1.0,1.0,0,0,-0.19293887144887592,-0.2227971246942236,8.720787167549133,54.5,0.02002923976608187,4,0,mp3d/VFuaQ6m2Qom/VFuaQ6m2Qom.glb,1331|3671|6301|7246
5,1,5,4,1.0,0.8,0,1,-0.1978472420629816,-0.03074579110401108,-0.005255413055419922,-4.6,0.03606484682680456,5,0,mp3d/X7HyMhZNoso/X7HyMhZNoso.glb,1186|1568|1677|370|382
2,1,2,1,1.0,0.5,0,1,-0.37475138266040725,-0.36886303051718666,11.157370567321777,82.0,0.0,2,0,mp3d/Z6MFQCViBuw/Z6MFQCViBuw.glb,1657|392
3,1,3,2,1.0,0.6666666666666666,0,1,-0.3339326728321069,-0.12443278294523023,-1.246653397878011,-4.333333333333333,0.13356372790335055,3,0,mp3d/ac26ZMwG7aT/ac26ZMwG7aT.glb,2346|9257|9467
3,1,3,2,1.0,0.6666666666666666,0,1,-0.2787554272613429,-0.021027078642873714,0.3845252990722656,6.666666666666667,0.054866370156669474,3,0,mp3d/b8cTxDM8gDG/b8cTxDM8gDG.glb,1587|6499|7993
4,1,4,4,1.0,1.0,0,0,-0.020876674548771984,-0.017055232701405576,0.6379491090774536,5.5,0.018502331002331007,4,0,mp3d/jh4fc5c5qoQ/jh4fc5c5qoQ.glb,569|7892|8523|8838
2,1,2,2,1.0,1.0,0,0,-0.10801725217405653,-0.07675295133034159,33.57175254821777,261.0,0.03606254322977203,2,0,mp3d/oLBMNvg9in8/oLBMNvg9in8.glb,1689|268
4,1,4,4,1.0,1.0,0,0,-0.003853100148674793,-0.00684881088868311,-0.19287312030792236,-6.5,0.010869565217391304,4,0,mp3d/p5wJjkQkbXX/p5wJjkQkbXX.glb,189|2557|7300|7922
5,1,5,3,1.0,0.6,0,2,-0.34188616527067095,-0.11494354086773352,3.3912089347839354,23.4,-0.10235347642519915,5,0,mp3d/pLe4wQe7qrG/pLe4wQe7qrG.glb,1483|1624|1778|413|651
3,1,3,3,1.0,1.0,0,0,-0.0388741264001656,0.013966237191582223,0.5228454271952311,4.333333333333333,0.03292061505453245,3,0,mp3d/pRbA3pwrgk9/pRbA3pwrgk9.glb,1006|10366|6014
3,1,3,2,1.0,0.6666666666666666,0,1,-0.25401339237119597,-0.029336527479037033,-0.2516063054402669,5.666666666666667,0.005952380952380952,3,0,mp3d/r1Q1Z4BcV1o/r1Q1Z4BcV1o.glb,5547|8943|9153
2,1,2,2,1.0,1.0,0,0,-0.04047109432716628,-0.052778725977054186,0.20993947982788086,0.5,0.04519027484143763,2,0,mp3d/r47D5H71a5s/r47D5H71a5s.glb,5280|7928
4,1,4,4,1.0,1.0,0,0,-0.0748293032283239,-0.02007083978813018,0.3672957420349121,5.5,0.0035395408163265306,4,0,mp3d/rPc6DW4iMge/rPc6DW4iMge.glb,10811|3448|6214|7334
4,1,4,4,1.0,1.0,0,0,0.0,0.002695610194042214,0.5372724533081055,1.0,0.03672595520421608,4,0,mp3d/uNb9QFRL6hY/uNb9QFRL6hY.glb,3983|4758|7732|8802
5,1,5,5,1.0,1.0,0,0,0.1692486590380032,0.18360701867912965,-4.236689567565918,-41.0,0.051866794463143344,4,0,mp3d/x8F5xyUWy9e/x8F5xyUWy9e.glb,1054|1605|553|640|7
5,1,5,3,1.0,0.6,0,2,-0.4,-0.18384094552226182,-1.8721485137939453,-12.6,0.06750462304409673,5,0,mp3d/zsNo4HB9uLZ/zsNo4HB9uLZ.glb,1026|1263|14|507|893
