batch,episode_id,scene_id,step,cost_reversal,native_success,alternative_execution_symptom,stable_next_reselection,next_target_drift_m,success_delta,ndtw_delta,immediate_primitive_delta,later_navigation_primitive_delta,later_stop_primitive_delta,later_other_primitive_delta,episode_primitive_delta
exploratory_full,8405,data/scene_datasets/mp3d/mJXqzFtmKg4/mJXqzFtmKg4.glb,3,False,1.0,False,False,,0.0,-0.04669202397505268,-3,0,0,0,-3
exploratory_full,927,data/scene_datasets/mp3d/mJXqzFtmKg4/mJXqzFtmKg4.glb,0,True,1.0,False,False,,0.0,-0.41116776798368937,-13,17,0,0,4
exploratory_full,2906,data/scene_datasets/mp3d/mJXqzFtmKg4/mJXqzFtmKg4.glb,2,False,1.0,False,False,,0.0,0.07600330821263135,-7,5,0,0,-2
exploratory_full,6080,data/scene_datasets/mp3d/mJXqzFtmKg4/mJXqzFtmKg4.glb,6,True,1.0,False,True,0.24689073664991656,0.0,-0.0369604442751319,-5,13,0,0,8
exploratory_full,8594,data/scene_datasets/mp3d/mJXqzFtmKg4/mJXqzFtmKg4.glb,1,True,1.0,False,False,0.0,0.0,-0.09219249861801271,-7,46,0,0,39
exploratory_full,2060,data/scene_datasets/mp3d/e9zR4mvMWw7/e9zR4mvMWw7.glb,2,False,1.0,False,False,,0.0,0.022080214413970234,-4,-3,0,0,-7
exploratory_full,1288,data/scene_datasets/mp3d/r47D5H71a5s/r47D5H71a5s.glb,7,True,1.0,False,False,,0.0,-0.005808335757157779,-1,3,0,0,2
exploratory_full,3284,data/scene_datasets/mp3d/r47D5H71a5s/r47D5H71a5s.glb,4,True,1.0,False,False,,0.0,-0.028177836574746373,-5,7,0,0,2
exploratory_full,10046,data/scene_datasets/mp3d/p5wJjkQkbXX/p5wJjkQkbXX.glb,3,False,1.0,False,False,,0.0,0.04578959504248403,-3,-18,0,0,-21
exploratory_full,3257,data/scene_datasets/mp3d/p5wJjkQkbXX/p5wJjkQkbXX.glb,0,False,1.0,True,False,,0.0,0.04037034994848854,-10,-18,0,0,-28
exploratory_full,5888,data/scene_datasets/mp3d/p5wJjkQkbXX/p5wJjkQkbXX.glb,3,False,1.0,False,False,,0.0,0.012760105995154425,-1,-8,0,0,-9
exploratory_full,454,data/scene_datasets/mp3d/p5wJjkQkbXX/p5wJjkQkbXX.glb,10,False,1.0,False,False,,0.0,0.006142367328117682,-5,0,0,0,-5
exploratory_full,9656,data/scene_datasets/mp3d/p5wJjkQkbXX/p5wJjkQkbXX.glb,5,False,1.0,False,True,0.10903711053373034,0.0,0.008676373558100137,-6,6,0,0,0
exploratory_full,3398,data/scene_datasets/mp3d/p5wJjkQkbXX/p5wJjkQkbXX.glb,7,False,0.0,False,False,,1.0,0.20750251637708206,-2,2,0,0,0
exploratory_full,4907,data/scene_datasets/mp3d/1LXtFkjw3qL/1LXtFkjw3qL.glb,4,False,1.0,False,True,0.17936385594298834,0.0,-0.022238803450533307,2,13,0,0,15
exploratory_full,8288,data/scene_datasets/mp3d/1LXtFkjw3qL/1LXtFkjw3qL.glb,4,False,1.0,False,True,0.0,0.0,-0.03797707880232193,2,24,0,0,26
exploratory_full,85,data/scene_datasets/mp3d/1LXtFkjw3qL/1LXtFkjw3qL.glb,5,True,1.0,False,False,,0.0,-0.0031030849956533713,-1,2,0,0,1
exploratory_full,740,data/scene_datasets/mp3d/5q7pvUzZiYa/5q7pvUzZiYa.glb,2,True,1.0,False,True,0.0,0.0,-0.14416062871999238,-4,63,0,0,59
exploratory_full,9089,data/scene_datasets/mp3d/5q7pvUzZiYa/5q7pvUzZiYa.glb,4,True,1.0,True,True,0.2202499417052539,0.0,0.015152203972169542,-2,7,0,0,5
exploratory_full,10199,data/scene_datasets/mp3d/cV4RVeZvu5T/cV4RVeZvu5T.glb,4,False,0.0,False,False,,1.0,0.796610786614567,-22,-133,0,0,-155
exploratory_full,1490,data/scene_datasets/mp3d/cV4RVeZvu5T/cV4RVeZvu5T.glb,1,False,1.0,False,True,0.24287692059263866,0.0,-0.05681637416958629,-4,4,0,0,0
exploratory_full,7511,data/scene_datasets/mp3d/cV4RVeZvu5T/cV4RVeZvu5T.glb,0,False,1.0,True,False,,0.0,0.10402835586912162,-6,-9,0,0,-15
exploratory_full,3161,data/scene_datasets/mp3d/kEZ7cmS4wCh/kEZ7cmS4wCh.glb,3,False,0.0,False,False,,1.0,0.457333774723664,10,-1,-91,0,-82
exploratory_full,2615,data/scene_datasets/mp3d/kEZ7cmS4wCh/kEZ7cmS4wCh.glb,2,True,1.0,False,False,,0.0,-0.050108120065381345,-5,10,0,0,5
exploratory_full,8285,data/scene_datasets/mp3d/kEZ7cmS4wCh/kEZ7cmS4wCh.glb,5,False,1.0,False,False,,0.0,0.05831704797756354,-2,1,0,0,-1
exploratory_full,1284,data/scene_datasets/mp3d/kEZ7cmS4wCh/kEZ7cmS4wCh.glb,2,True,1.0,True,True,0.17689351993650246,0.0,-0.016922524382142368,-1,7,0,0,6
exploratory_full,25,data/scene_datasets/mp3d/kEZ7cmS4wCh/kEZ7cmS4wCh.glb,10,False,1.0,False,False,,0.0,0.01909123347428776,-1,-4,0,0,-5
replication_full,3203,data/scene_datasets/mp3d/ZMojNkEp431/ZMojNkEp431.glb,6,True,1.0,False,False,,0.0,0.00703806117163136,-7,11,0,0,4
replication_full,4616,data/scene_datasets/mp3d/ZMojNkEp431/ZMojNkEp431.glb,7,True,1.0,False,False,,0.0,0.015377479597310839,-1,8,0,0,7
replication_full,2024,data/scene_datasets/mp3d/ZMojNkEp431/ZMojNkEp431.glb,5,True,1.0,False,True,0.13324660805938807,0.0,-0.016595439386896782,-2,5,0,0,3
replication_full,4067,data/scene_datasets/mp3d/ZMojNkEp431/ZMojNkEp431.glb,5,False,1.0,False,False,,0.0,-0.14168090315341653,-19,14,0,0,-5
replication_full,10430,data/scene_datasets/mp3d/D7N2EKCX4Sj/D7N2EKCX4Sj.glb,2,True,1.0,True,False,0.0,0.0,0.0222325248601547,-8,55,0,0,47
replication_full,7661,data/scene_datasets/mp3d/D7N2EKCX4Sj/D7N2EKCX4Sj.glb,7,True,1.0,False,False,,0.0,0.006897805435540971,-1,3,0,0,2
replication_full,4790,data/scene_datasets/mp3d/D7N2EKCX4Sj/D7N2EKCX4Sj.glb,2,False,0.0,False,False,,1.0,0.8309288247854019,-12,-7,0,0,-19
replication_full,2378,data/scene_datasets/mp3d/D7N2EKCX4Sj/D7N2EKCX4Sj.glb,0,False,1.0,False,False,,0.0,0.025092192560941085,-9,-8,0,0,-17
replication_full,1943,data/scene_datasets/mp3d/D7N2EKCX4Sj/D7N2EKCX4Sj.glb,4,False,0.0,False,False,,1.0,0.44415281381578825,-5,-45,0,0,-50
replication_full,2477,data/scene_datasets/mp3d/1pXnuDYAj8r/1pXnuDYAj8r.glb,5,False,0.0,False,False,,0.0,0.005296467667305738,-2,0,0,0,-2
replication_full,4841,data/scene_datasets/mp3d/1pXnuDYAj8r/1pXnuDYAj8r.glb,10,False,1.0,False,False,,-1.0,-0.043217334928019935,-2,-14,0,0,-16
replication_full,2228,data/scene_datasets/mp3d/pRbA3pwrgk9/pRbA3pwrgk9.glb,0,True,1.0,False,True,0.07546194076588343,0.0,0.01672430423557092,-7,15,0,0,8
replication_full,6098,data/scene_datasets/mp3d/pRbA3pwrgk9/pRbA3pwrgk9.glb,13,True,0.0,False,False,,1.0,-0.15687813391748479,-1,0,45,0,44
replication_full,10490,data/scene_datasets/mp3d/pRbA3pwrgk9/pRbA3pwrgk9.glb,10,True,1.0,False,False,,0.0,-0.003121559241668015,-1,15,0,0,14
replication_full,5192,data/scene_datasets/mp3d/pRbA3pwrgk9/pRbA3pwrgk9.glb,4,False,1.0,False,True,0.0,0.0,-0.02066802424626102,6,22,0,0,28
replication_full,8057,data/scene_datasets/mp3d/pRbA3pwrgk9/pRbA3pwrgk9.glb,5,False,1.0,True,False,,0.0,0.026046916781592433,-17,10,0,0,-7
replication_full,1583,data/scene_datasets/mp3d/pRbA3pwrgk9/pRbA3pwrgk9.glb,3,True,1.0,False,False,,0.0,-0.034053604724423536,-4,7,0,0,3
replication_full,8582,data/scene_datasets/mp3d/pRbA3pwrgk9/pRbA3pwrgk9.glb,4,False,1.0,False,True,0.1427468654295708,0.0,-0.040036250538246554,2,29,0,0,31
replication_full,418,data/scene_datasets/mp3d/sKLMLpTHeUy/sKLMLpTHeUy.glb,4,True,1.0,False,True,0.04665262232902067,0.0,-0.017200303497631464,-6,30,0,0,24
replication_full,9092,data/scene_datasets/mp3d/sKLMLpTHeUy/sKLMLpTHeUy.glb,3,False,1.0,False,False,,0.0,0.057026019133944894,3,18,0,0,21
replication_full,4904,data/scene_datasets/mp3d/sKLMLpTHeUy/sKLMLpTHeUy.glb,4,False,1.0,False,False,,0.0,-0.019636533160183878,1,2,0,0,3
replication_full,2519,data/scene_datasets/mp3d/8WUmhLawc2A/8WUmhLawc2A.glb,6,True,1.0,False,True,0.23755587728854868,0.0,-0.0032588913158621002,-4,7,0,0,3
replication_full,7676,data/scene_datasets/mp3d/8WUmhLawc2A/8WUmhLawc2A.glb,8,True,1.0,False,True,0.18598914799449667,0.0,-0.015925507830254593,-2,19,0,0,17
replication_full,5573,data/scene_datasets/mp3d/17DRP5sb8fy/17DRP5sb8fy.glb,1,True,1.0,False,True,0.0,0.0,-0.12434269261608444,-20,30,0,0,10
replication_full,4010,data/scene_datasets/mp3d/Vvot9Ly1tCj/Vvot9Ly1tCj.glb,7,False,0.0,False,False,,1.0,0.024651701198182607,-3,3,0,0,0
replication_full,4280,data/scene_datasets/mp3d/Vvot9Ly1tCj/Vvot9Ly1tCj.glb,3,False,1.0,False,False,,0.0,0.036684861926035595,-2,-27,0,0,-29
replication_full,6020,data/scene_datasets/mp3d/Vvot9Ly1tCj/Vvot9Ly1tCj.glb,11,True,0.0,True,True,0.12678220070005636,0.0,-0.0030941471771907536,-4,-2,9,0,3
replication_full,7478,data/scene_datasets/mp3d/Vvot9Ly1tCj/Vvot9Ly1tCj.glb,5,False,1.0,False,False,,0.0,0.0350762667810528,-2,0,0,0,-2
replication_full,7091,data/scene_datasets/mp3d/Vvot9Ly1tCj/Vvot9Ly1tCj.glb,9,False,1.0,False,False,,0.0,-0.013098833792600462,-4,0,0,0,-4
replication_cost_own,3203,data/scene_datasets/mp3d/ZMojNkEp431/ZMojNkEp431.glb,3,False,1.0,False,False,,0.0,0.05839058605614278,-2,-16,0,0,-18
replication_cost_own,4616,data/scene_datasets/mp3d/ZMojNkEp431/ZMojNkEp431.glb,2,True,1.0,False,False,,0.0,0.021665473939707747,-1,4,0,0,3
replication_cost_own,2024,data/scene_datasets/mp3d/ZMojNkEp431/ZMojNkEp431.glb,3,False,1.0,False,False,,0.0,0.06505866859153286,-3,-5,0,0,-8
replication_cost_own,6179,data/scene_datasets/mp3d/ZMojNkEp431/ZMojNkEp431.glb,5,False,1.0,False,False,,0.0,0.09627535108450869,1,-6,0,0,-5
replication_cost_own,10583,data/scene_datasets/mp3d/ZMojNkEp431/ZMojNkEp431.glb,1,False,1.0,False,False,,0.0,-0.35282418914362657,-5,-1,0,0,-6
replication_cost_own,6680,data/scene_datasets/mp3d/ZMojNkEp431/ZMojNkEp431.glb,0,True,1.0,True,True,0.17987406421376528,0.0,-0.03816944830664104,-4,9,0,0,5
replication_cost_own,10667,data/scene_datasets/mp3d/ZMojNkEp431/ZMojNkEp431.glb,5,True,1.0,False,False,,0.0,0.02098406619874771,-2,5,0,0,3
replication_cost_own,4067,data/scene_datasets/mp3d/ZMojNkEp431/ZMojNkEp431.glb,4,False,1.0,False,False,,0.0,0.0725917012946472,-2,-26,0,0,-28
replication_cost_own,2288,data/scene_datasets/mp3d/ZMojNkEp431/ZMojNkEp431.glb,0,True,1.0,False,False,,0.0,0.01701937491232486,-2,10,0,0,8
replication_cost_own,6173,data/scene_datasets/mp3d/D7N2EKCX4Sj/D7N2EKCX4Sj.glb,0,True,1.0,False,False,0.09648403598646992,0.0,-0.11289355741352869,-3,34,0,0,31
replication_cost_own,10430,data/scene_datasets/mp3d/D7N2EKCX4Sj/D7N2EKCX4Sj.glb,2,True,1.0,True,False,0.0,0.0,0.0222325248601547,-8,55,0,0,47
replication_cost_own,7661,data/scene_datasets/mp3d/D7N2EKCX4Sj/D7N2EKCX4Sj.glb,7,True,1.0,False,False,,0.0,0.006897805435540971,-1,3,0,0,2
replication_cost_own,4922,data/scene_datasets/mp3d/D7N2EKCX4Sj/D7N2EKCX4Sj.glb,5,True,1.0,False,True,0.12736013631014031,0.0,-0.009553252999858541,-5,7,0,0,2
replication_cost_own,4790,data/scene_datasets/mp3d/D7N2EKCX4Sj/D7N2EKCX4Sj.glb,1,False,0.0,False,False,,1.0,0.8429538469250734,0,-18,0,0,-18
replication_cost_own,8822,data/scene_datasets/mp3d/D7N2EKCX4Sj/D7N2EKCX4Sj.glb,2,False,1.0,False,True,0.2467581724246044,0.0,-0.02373835323101181,-3,3,0,0,0
replication_cost_own,2378,data/scene_datasets/mp3d/D7N2EKCX4Sj/D7N2EKCX4Sj.glb,0,False,1.0,False,False,,0.0,0.025092192560941085,-9,-8,0,0,-17
replication_cost_own,6509,data/scene_datasets/mp3d/D7N2EKCX4Sj/D7N2EKCX4Sj.glb,1,True,1.0,False,False,,0.0,-0.03340922577495187,-3,9,0,0,6
replication_cost_own,1943,data/scene_datasets/mp3d/D7N2EKCX4Sj/D7N2EKCX4Sj.glb,0,False,0.0,False,False,,1.0,0.6201639655137312,-5,-70,0,0,-75
replication_cost_own,8963,data/scene_datasets/mp3d/D7N2EKCX4Sj/D7N2EKCX4Sj.glb,1,True,1.0,False,False,,0.0,-0.06187114764314805,-9,17,0,0,8
replication_cost_own,3131,data/scene_datasets/mp3d/1pXnuDYAj8r/1pXnuDYAj8r.glb,2,True,1.0,False,False,,0.0,0.036035482751161085,-2,17,0,0,15
replication_cost_own,6752,data/scene_datasets/mp3d/1pXnuDYAj8r/1pXnuDYAj8r.glb,4,False,1.0,False,False,,0.0,-0.009105935849465285,-5,5,0,0,0
replication_cost_own,1742,data/scene_datasets/mp3d/1pXnuDYAj8r/1pXnuDYAj8r.glb,4,True,1.0,False,True,0.24152660080987165,0.0,0.005564056208046564,-5,7,0,0,2
replication_cost_own,2477,data/scene_datasets/mp3d/1pXnuDYAj8r/1pXnuDYAj8r.glb,3,True,0.0,False,False,,0.0,-0.009772175927198923,-4,15,0,0,11
replication_cost_own,6884,data/scene_datasets/mp3d/1pXnuDYAj8r/1pXnuDYAj8r.glb,3,True,1.0,False,False,,0.0,-0.012100680644132944,-4,7,0,0,3
replication_cost_own,6344,data/scene_datasets/mp3d/1pXnuDYAj8r/1pXnuDYAj8r.glb,0,True,1.0,False,False,,0.0,0.007164832825873879,-1,3,0,0,2
replication_cost_own,5141,data/scene_datasets/mp3d/1pXnuDYAj8r/1pXnuDYAj8r.glb,1,False,1.0,False,False,,0.0,0.0016770114493775967,-3,1,0,0,-2
replication_cost_own,1153,data/scene_datasets/mp3d/1pXnuDYAj8r/1pXnuDYAj8r.glb,3,False,1.0,False,False,,0.0,0.0005109277087563813,-8,0,0,0,-8
replication_cost_own,4841,data/scene_datasets/mp3d/1pXnuDYAj8r/1pXnuDYAj8r.glb,7,True,1.0,False,False,,0.0,0.008149352146229583,-1,6,0,0,5
replication_cost_own,1625,data/scene_datasets/mp3d/pRbA3pwrgk9/pRbA3pwrgk9.glb,2,True,1.0,False,False,,0.0,-0.007061651298089777,-1,15,0,0,14
replication_cost_own,2228,data/scene_datasets/mp3d/pRbA3pwrgk9/pRbA3pwrgk9.glb,0,True,1.0,False,True,0.07546194076588343,0.0,0.01672430423557092,-7,15,0,0,8
replication_cost_own,6098,data/scene_datasets/mp3d/pRbA3pwrgk9/pRbA3pwrgk9.glb,13,True,0.0,False,False,,1.0,-0.15687813391748479,-1,0,45,0,44
replication_cost_own,10490,data/scene_datasets/mp3d/pRbA3pwrgk9/pRbA3pwrgk9.glb,9,False,1.0,False,False,,0.0,0.018143956692649787,-7,-3,0,0,-10
replication_cost_own,5285,data/scene_datasets/mp3d/pRbA3pwrgk9/pRbA3pwrgk9.glb,0,False,1.0,False,True,0.1052801755512998,0.0,0.17031371857800937,-2,-16,0,0,-18
replication_cost_own,5192,data/scene_datasets/mp3d/pRbA3pwrgk9/pRbA3pwrgk9.glb,4,False,1.0,False,True,0.0,0.0,-0.02066802424626102,6,22,0,0,28
replication_cost_own,8057,data/scene_datasets/mp3d/pRbA3pwrgk9/pRbA3pwrgk9.glb,7,True,1.0,False,False,,0.0,-0.0015801671096045133,-3,13,0,0,10
replication_cost_own,1583,data/scene_datasets/mp3d/pRbA3pwrgk9/pRbA3pwrgk9.glb,3,True,1.0,False,False,,0.0,-0.034053604724423536,-4,7,0,0,3
replication_cost_own,2762,data/scene_datasets/mp3d/pRbA3pwrgk9/pRbA3pwrgk9.glb,2,True,1.0,False,True,0.15042871356335819,0.0,0.02380562371364847,-5,6,0,0,1
replication_cost_own,8582,data/scene_datasets/mp3d/pRbA3pwrgk9/pRbA3pwrgk9.glb,3,True,1.0,False,False,,0.0,-0.04464698972653225,-3,4,0,0,1
replication_cost_own,3776,data/scene_datasets/mp3d/pRbA3pwrgk9/pRbA3pwrgk9.glb,4,True,1.0,False,False,,0.0,-0.008379195740744305,-4,29,0,0,25
replication_cost_own,418,data/scene_datasets/mp3d/sKLMLpTHeUy/sKLMLpTHeUy.glb,0,True,1.0,False,False,,0.0,-0.002834239667332983,-2,12,0,0,10
replication_cost_own,2786,data/scene_datasets/mp3d/sKLMLpTHeUy/sKLMLpTHeUy.glb,4,False,1.0,False,True,0.0,0.0,-0.030354480509431014,9,25,0,0,34
replication_cost_own,8153,data/scene_datasets/mp3d/sKLMLpTHeUy/sKLMLpTHeUy.glb,5,False,1.0,False,False,,0.0,0.009443211599980184,0,9,0,0,9
replication_cost_own,10175,data/scene_datasets/mp3d/sKLMLpTHeUy/sKLMLpTHeUy.glb,4,False,1.0,False,False,,0.0,-0.010094605686105318,-3,0,0,0,-3
replication_cost_own,2069,data/scene_datasets/mp3d/sKLMLpTHeUy/sKLMLpTHeUy.glb,2,True,1.0,False,True,0.21503510711200258,0.0,0.009425588449000322,-1,11,0,0,10
replication_cost_own,9092,data/scene_datasets/mp3d/sKLMLpTHeUy/sKLMLpTHeUy.glb,1,False,1.0,False,False,,0.0,0.12078771813736733,-7,5,0,0,-2
replication_cost_own,8537,data/scene_datasets/mp3d/sKLMLpTHeUy/sKLMLpTHeUy.glb,1,False,1.0,False,False,,0.0,0.05830942470362599,-8,1,0,0,-7
replication_cost_own,6644,data/scene_datasets/mp3d/8WUmhLawc2A/8WUmhLawc2A.glb,6,True,1.0,False,False,0.06029390464617069,0.0,-0.06610457192776131,-11,22,0,0,11
replication_cost_own,6596,data/scene_datasets/mp3d/8WUmhLawc2A/8WUmhLawc2A.glb,0,True,1.0,True,False,,0.0,0.03355748720899365,-10,12,0,0,2
replication_cost_own,10295,data/scene_datasets/mp3d/8WUmhLawc2A/8WUmhLawc2A.glb,3,False,1.0,False,False,,0.0,-0.01358820643163583,0,8,0,0,8
replication_cost_own,2519,data/scene_datasets/mp3d/8WUmhLawc2A/8WUmhLawc2A.glb,6,True,1.0,False,True,0.23755587728854868,0.0,-0.0032588913158621002,-4,7,0,0,3
replication_cost_own,7094,data/scene_datasets/mp3d/8WUmhLawc2A/8WUmhLawc2A.glb,2,False,1.0,False,True,0.0,0.0,-0.03508451925014089,6,37,0,0,43
replication_cost_own,4310,data/scene_datasets/mp3d/8WUmhLawc2A/8WUmhLawc2A.glb,4,False,0.0,False,False,,1.0,0.21588262438556194,-2,-12,0,0,-14
replication_cost_own,7352,data/scene_datasets/mp3d/8WUmhLawc2A/8WUmhLawc2A.glb,0,True,1.0,False,False,,0.0,-0.02600773469517781,-7,12,0,0,5
replication_cost_own,3326,data/scene_datasets/mp3d/8WUmhLawc2A/8WUmhLawc2A.glb,0,True,1.0,False,False,,0.0,0.0019387415773565175,-10,13,0,0,3
replication_cost_own,7676,data/scene_datasets/mp3d/8WUmhLawc2A/8WUmhLawc2A.glb,8,True,1.0,False,True,0.18598914799449667,0.0,-0.015925507830254593,-2,19,0,0,17
replication_cost_own,575,data/scene_datasets/mp3d/17DRP5sb8fy/17DRP5sb8fy.glb,2,False,1.0,False,False,,0.0,0.004576583013836677,-1,0,0,0,-1
replication_cost_own,10154,data/scene_datasets/mp3d/17DRP5sb8fy/17DRP5sb8fy.glb,3,False,1.0,False,True,0.0926349185173413,0.0,-0.03160299840749681,0,11,0,0,11
replication_cost_own,5150,data/scene_datasets/mp3d/17DRP5sb8fy/17DRP5sb8fy.glb,0,False,1.0,False,True,0.2213744583528809,0.0,-0.019177516849347542,-6,5,0,0,-1
replication_cost_own,10355,data/scene_datasets/mp3d/17DRP5sb8fy/17DRP5sb8fy.glb,2,False,1.0,False,False,,0.0,0.04514122120129238,-4,1,0,0,-3
replication_cost_own,5573,data/scene_datasets/mp3d/17DRP5sb8fy/17DRP5sb8fy.glb,2,False,1.0,False,True,0.20570791928756943,0.0,0.01789956349873778,-4,3,0,0,-1
replication_cost_own,1074,data/scene_datasets/mp3d/17DRP5sb8fy/17DRP5sb8fy.glb,2,True,1.0,False,False,,0.0,-0.02102737409862465,-4,5,0,0,1
replication_cost_own,9524,data/scene_datasets/mp3d/17DRP5sb8fy/17DRP5sb8fy.glb,1,True,1.0,False,False,,0.0,0.017390299024325984,-3,9,0,0,6
replication_cost_own,3605,data/scene_datasets/mp3d/17DRP5sb8fy/17DRP5sb8fy.glb,0,False,1.0,False,True,0.22758944867041211,0.0,0.008928587662327847,-6,5,0,0,-1
replication_cost_own,1116,data/scene_datasets/mp3d/17DRP5sb8fy/17DRP5sb8fy.glb,0,True,1.0,False,True,0.22758944867041211,0.0,0.016512973917219287,-6,7,0,0,1
replication_cost_own,563,data/scene_datasets/mp3d/Vvot9Ly1tCj/Vvot9Ly1tCj.glb,5,True,1.0,False,True,0.0,0.0,-0.09344186858391312,-7,43,0,0,36
replication_cost_own,4010,data/scene_datasets/mp3d/Vvot9Ly1tCj/Vvot9Ly1tCj.glb,1,True,0.0,True,False,,0.0,0.3302009409321889,-3,31,0,0,28
replication_cost_own,4280,data/scene_datasets/mp3d/Vvot9Ly1tCj/Vvot9Ly1tCj.glb,2,False,1.0,False,False,,0.0,0.01915754268700598,-3,-29,0,0,-32
replication_cost_own,6020,data/scene_datasets/mp3d/Vvot9Ly1tCj/Vvot9Ly1tCj.glb,10,False,0.0,False,False,,0.0,-0.026156434249015592,6,2,4,0,12
replication_cost_own,7370,data/scene_datasets/mp3d/Vvot9Ly1tCj/Vvot9Ly1tCj.glb,4,False,1.0,False,False,,0.0,-0.05222635982472934,0,11,0,0,11
replication_cost_own,1712,data/scene_datasets/mp3d/Vvot9Ly1tCj/Vvot9Ly1tCj.glb,1,False,1.0,False,False,,0.0,-0.02696908868991299,0,-5,0,0,-5
replication_cost_own,7478,data/scene_datasets/mp3d/Vvot9Ly1tCj/Vvot9Ly1tCj.glb,3,True,1.0,False,True,0.142557941214394,0.0,-0.06735737894183791,-3,25,0,0,22
replication_cost_own,10826,data/scene_datasets/mp3d/Vvot9Ly1tCj/Vvot9Ly1tCj.glb,3,True,1.0,False,True,0.0,0.0,-0.04077101310113329,-2,42,0,0,40
replication_cost_own,7091,data/scene_datasets/mp3d/Vvot9Ly1tCj/Vvot9Ly1tCj.glb,7,False,1.0,False,False,,0.0,-0.01144963075864236,-2,-7,0,0,-9
replication_cost_own,2078,data/scene_datasets/mp3d/Vvot9Ly1tCj/Vvot9Ly1tCj.glb,0,True,1.0,False,False,,-1.0,-0.24924427945344674,-8,19,0,0,11
replication_cost_matched,4616,data/scene_datasets/mp3d/ZMojNkEp431/ZMojNkEp431.glb,7,True,1.0,False,False,,0.0,0.015377479597310839,-1,8,0,0,7
replication_cost_matched,2024,data/scene_datasets/mp3d/ZMojNkEp431/ZMojNkEp431.glb,5,True,1.0,False,True,0.13324660805938807,0.0,-0.016595439386896782,-2,5,0,0,3
replication_cost_matched,4067,data/scene_datasets/mp3d/ZMojNkEp431/ZMojNkEp431.glb,5,False,1.0,False,False,,0.0,-0.14168090315341653,-19,14,0,0,-5
replication_cost_matched,10430,data/scene_datasets/mp3d/D7N2EKCX4Sj/D7N2EKCX4Sj.glb,2,True,1.0,True,False,0.0,0.0,0.0222325248601547,-8,55,0,0,47
replication_cost_matched,7661,data/scene_datasets/mp3d/D7N2EKCX4Sj/D7N2EKCX4Sj.glb,7,True,1.0,False,False,,0.0,0.006897805435540971,-1,3,0,0,2
replication_cost_matched,4790,data/scene_datasets/mp3d/D7N2EKCX4Sj/D7N2EKCX4Sj.glb,2,False,0.0,False,False,,1.0,0.8309288247854019,-12,-7,0,0,-19
replication_cost_matched,2378,data/scene_datasets/mp3d/D7N2EKCX4Sj/D7N2EKCX4Sj.glb,0,False,1.0,False,False,,0.0,0.025092192560941085,-9,-8,0,0,-17
replication_cost_matched,1943,data/scene_datasets/mp3d/D7N2EKCX4Sj/D7N2EKCX4Sj.glb,4,False,0.0,False,False,,1.0,0.44415281381578825,-5,-45,0,0,-50
replication_cost_matched,2477,data/scene_datasets/mp3d/1pXnuDYAj8r/1pXnuDYAj8r.glb,5,False,0.0,False,False,,0.0,0.005296467667305738,-2,0,0,0,-2
replication_cost_matched,4841,data/scene_datasets/mp3d/1pXnuDYAj8r/1pXnuDYAj8r.glb,10,False,1.0,False,False,,-1.0,-0.043217334928019935,-2,-14,0,0,-16
replication_cost_matched,2228,data/scene_datasets/mp3d/pRbA3pwrgk9/pRbA3pwrgk9.glb,0,True,1.0,False,True,0.07546194076588343,0.0,0.01672430423557092,-7,15,0,0,8
replication_cost_matched,6098,data/scene_datasets/mp3d/pRbA3pwrgk9/pRbA3pwrgk9.glb,13,True,0.0,False,False,,1.0,-0.15687813391748479,-1,0,45,0,44
replication_cost_matched,10490,data/scene_datasets/mp3d/pRbA3pwrgk9/pRbA3pwrgk9.glb,10,True,1.0,False,False,,0.0,-0.003121559241668015,-1,15,0,0,14
replication_cost_matched,5192,data/scene_datasets/mp3d/pRbA3pwrgk9/pRbA3pwrgk9.glb,4,False,1.0,False,True,0.0,0.0,-0.02066802424626102,6,22,0,0,28
replication_cost_matched,1583,data/scene_datasets/mp3d/pRbA3pwrgk9/pRbA3pwrgk9.glb,3,True,1.0,False,False,,0.0,-0.034053604724423536,-4,7,0,0,3
replication_cost_matched,8582,data/scene_datasets/mp3d/pRbA3pwrgk9/pRbA3pwrgk9.glb,4,False,1.0,False,True,0.1427468654295708,0.0,-0.040036250538246554,2,29,0,0,31
replication_cost_matched,418,data/scene_datasets/mp3d/sKLMLpTHeUy/sKLMLpTHeUy.glb,4,True,1.0,False,False,,0.0,0.005097720351313062,-4,9,0,0,5
replication_cost_matched,9092,data/scene_datasets/mp3d/sKLMLpTHeUy/sKLMLpTHeUy.glb,3,False,1.0,False,False,,0.0,0.057026019133944894,3,18,0,0,21
replication_cost_matched,2519,data/scene_datasets/mp3d/8WUmhLawc2A/8WUmhLawc2A.glb,6,True,1.0,False,True,0.23755587728854868,0.0,-0.0032588913158621002,-4,7,0,0,3
replication_cost_matched,7676,data/scene_datasets/mp3d/8WUmhLawc2A/8WUmhLawc2A.glb,8,True,1.0,False,True,0.18598914799449667,0.0,-0.015925507830254593,-2,19,0,0,17
replication_cost_matched,4280,data/scene_datasets/mp3d/Vvot9Ly1tCj/Vvot9Ly1tCj.glb,3,False,1.0,False,False,,0.0,0.036684861926035595,-2,-27,0,0,-29
replication_cost_matched,6020,data/scene_datasets/mp3d/Vvot9Ly1tCj/Vvot9Ly1tCj.glb,11,True,0.0,True,True,0.12678220070005636,0.0,-0.0030941471771907536,-4,-2,9,0,3
replication_cost_matched,7478,data/scene_datasets/mp3d/Vvot9Ly1tCj/Vvot9Ly1tCj.glb,5,False,1.0,False,False,,0.0,0.05689301255118273,0,0,0,0,0
