level,model,threshold,coverage,precision,harm_rate,ambiguous_rate
F0,logistic,0.5,0.765625,0.3877551020408163,0.0,0.6122448979591837
F0,logistic,0.7,0.75,0.3958333333333333,0.0,0.6041666666666666
F0,logistic,0.8,0.75,0.3958333333333333,0.0,0.6041666666666666
F0,logistic,0.9,0.6875,0.36363636363636365,0.0,0.6363636363636364
F0,logistic,0.95,0.640625,0.36585365853658536,0.0,0.6341463414634146
F0,ridge,0.5,0.953125,0.3114754098360656,0.13114754098360656,0.5573770491803278
F0,ridge,0.7,0.75,0.3958333333333333,0.0,0.6041666666666666
F0,ridge,0.8,0.0,0.0,0.0,0.0
F0,ridge,0.9,0.0,0.0,0.0,0.0
F0,ridge,0.95,0.0,0.0,0.0,0.0
F0,small_mlp,0.5,0.71875,0.3695652173913043,0.0,0.6304347826086957
F0,small_mlp,0.7,0.6875,0.36363636363636365,0.0,0.6363636363636364
F0,small_mlp,0.8,0.640625,0.3170731707317073,0.0,0.6829268292682927
F0,small_mlp,0.9,0.578125,0.32432432432432434,0.0,0.6756756756756757
F0,small_mlp,0.95,0.546875,0.3142857142857143,0.0,0.6857142857142857
F1,logistic,0.5,0.71875,0.391304347826087,0.0,0.6086956521739131
F1,logistic,0.7,0.65625,0.38095238095238093,0.0,0.6190476190476191
F1,logistic,0.8,0.609375,0.38461538461538464,0.0,0.6153846153846154
F1,logistic,0.9,0.515625,0.3939393939393939,0.0,0.6060606060606061
F1,logistic,0.95,0.421875,0.4074074074074074,0.0,0.5925925925925926
F1,ridge,0.5,0.96875,0.3064516129032258,0.12903225806451613,0.5645161290322581
F1,ridge,0.7,0.671875,0.37209302325581395,0.0,0.627906976744186
F1,ridge,0.8,0.0,0.0,0.0,0.0
F1,ridge,0.9,0.0,0.0,0.0,0.0
F1,ridge,0.95,0.0,0.0,0.0,0.0
F1,small_mlp,0.5,0.6875,0.38636363636363635,0.045454545454545456,0.5681818181818182
F1,small_mlp,0.7,0.625,0.4,0.025,0.575
F1,small_mlp,0.8,0.5625,0.4444444444444444,0.0,0.5555555555555556
F1,small_mlp,0.9,0.515625,0.42424242424242425,0.0,0.5757575757575758
F1,small_mlp,0.95,0.46875,0.43333333333333335,0.0,0.5666666666666667
F2,logistic,0.5,0.65625,0.40476190476190477,0.023809523809523808,0.5714285714285714
F2,logistic,0.7,0.578125,0.43243243243243246,0.0,0.5675675675675675
F2,logistic,0.8,0.578125,0.43243243243243246,0.0,0.5675675675675675
F2,logistic,0.9,0.5,0.40625,0.0,0.59375
F2,logistic,0.95,0.359375,0.30434782608695654,0.0,0.6956521739130435
F2,ridge,0.5,0.96875,0.3064516129032258,0.14516129032258066,0.5483870967741935
F2,ridge,0.7,0.65625,0.40476190476190477,0.0,0.5952380952380952
F2,ridge,0.8,0.0,0.0,0.0,0.0
F2,ridge,0.9,0.0,0.0,0.0,0.0
F2,ridge,0.95,0.0,0.0,0.0,0.0
F2,small_mlp,0.5,0.640625,0.3902439024390244,0.0,0.6097560975609756
F2,small_mlp,0.7,0.625,0.375,0.0,0.625
F2,small_mlp,0.8,0.578125,0.35135135135135137,0.0,0.6486486486486487
F2,small_mlp,0.9,0.484375,0.3225806451612903,0.0,0.6774193548387096
F2,small_mlp,0.95,0.421875,0.3333333333333333,0.0,0.6666666666666666
F3,logistic,0.5,0.59375,0.39473684210526316,0.02631578947368421,0.5789473684210527
F3,logistic,0.7,0.484375,0.41935483870967744,0.03225806451612903,0.5483870967741935
F3,logistic,0.8,0.453125,0.4482758620689655,0.034482758620689655,0.5172413793103449
F3,logistic,0.9,0.40625,0.46153846153846156,0.0,0.5384615384615384
F3,logistic,0.95,0.359375,0.43478260869565216,0.0,0.5652173913043478
F3,ridge,0.5,0.96875,0.3064516129032258,0.11290322580645161,0.5806451612903226
F3,ridge,0.7,0.375,0.375,0.0,0.625
F3,ridge,0.8,0.0,0.0,0.0,0.0
F3,ridge,0.9,0.0,0.0,0.0,0.0
F3,ridge,0.95,0.0,0.0,0.0,0.0
F3,small_mlp,0.5,0.53125,0.3235294117647059,0.029411764705882353,0.6470588235294118
F3,small_mlp,0.7,0.453125,0.3103448275862069,0.0,0.6896551724137931
F3,small_mlp,0.8,0.40625,0.3076923076923077,0.0,0.6923076923076923
F3,small_mlp,0.9,0.296875,0.3157894736842105,0.0,0.6842105263157895
F3,small_mlp,0.95,0.203125,0.3076923076923077,0.0,0.6923076923076923
