cohort,scene_id,state_count,sample_count,INTERVENE,KEEP,AMBIGUOUS,f2_progress_expected_mean,f3_delta_suffix_cos_mean
train,data/scene_datasets/mp3d/759xd9YjKW5/759xd9YjKW5.glb,2,38,1,22,15,0.5016567153631952,0.01506654801450233
train,data/scene_datasets/mp3d/JmbYfDe2QKZ/JmbYfDe2QKZ.glb,6,97,9,59,29,0.4995559074127741,-0.0005497802713362241
train,data/scene_datasets/mp3d/SN83YJsR3w2/SN83YJsR3w2.glb,2,42,0,15,27,0.5015173394139539,-0.01243069274580947
train,data/scene_datasets/mp3d/ac26ZMwG7aT/ac26ZMwG7aT.glb,2,26,0,19,7,0.5016692820379715,-0.003018716061433439
train,data/scene_datasets/mp3d/b8cTxDM8gDG/b8cTxDM8gDG.glb,13,88,12,10,66,0.5004612710903728,0.014187626153403134
train,data/scene_datasets/mp3d/pRbA3pwrgk9/pRbA3pwrgk9.glb,13,93,10,14,69,0.4996317033142645,0.009691529346952388
train,data/scene_datasets/mp3d/r1Q1Z4BcV1o/r1Q1Z4BcV1o.glb,2,42,1,19,22,0.5022955234071438,0.0005264216083770751
train,data/scene_datasets/mp3d/r47D5H71a5s/r47D5H71a5s.glb,3,37,2,20,15,0.5011583680190325,0.012402294157325824
val_unseen,data/scene_datasets/mp3d/8194nk5LbLH/8194nk5LbLH.glb,10,179,25,36,118,0.5021952963132021,-0.0009982264937504132
val_unseen,data/scene_datasets/mp3d/EU6Fwq7SyZv/EU6Fwq7SyZv.glb,4,87,1,38,48,0.5022916608865423,-0.0024090132345061226
val_unseen,data/scene_datasets/mp3d/QUCTc6BB5sX/QUCTc6BB5sX.glb,10,106,1,66,39,0.5020196728147037,-0.0005778297328372717
val_unseen,data/scene_datasets/mp3d/TbHJrupSAjP/TbHJrupSAjP.glb,7,108,4,41,63,0.5001763119533399,0.005098345339265973
val_unseen,data/scene_datasets/mp3d/X7HyMhZNoso/X7HyMhZNoso.glb,2,24,0,2,22,0.5016312776764099,0.00424643807905166
val_unseen,data/scene_datasets/mp3d/Z6MFQCViBuw/Z6MFQCViBuw.glb,8,173,3,107,63,0.5019586508716537,0.0023424619224020303
val_unseen,data/scene_datasets/mp3d/oLBMNvg9in8/oLBMNvg9in8.glb,15,149,6,42,101,0.5034858185364819,-0.016776875477905646
val_unseen,data/scene_datasets/mp3d/pLe4wQe7qrG/pLe4wQe7qrG.glb,5,38,1,21,16,0.5039674636706064,0.008678652931995455
val_unseen,data/scene_datasets/mp3d/x8F5xyUWy9e/x8F5xyUWy9e.glb,2,29,0,1,28,0.503881006459528,-0.019365998823165972
val_unseen,data/scene_datasets/mp3d/zsNo4HB9uLZ/zsNo4HB9uLZ.glb,1,21,0,1,20,0.4993907449793295,0.004098712372997008
