cohort,episode_id,state_count,sample_count,INTERVENE,KEEP,AMBIGUOUS,f2_progress_expected_mean,f3_delta_suffix_cos_mean
train,3208,2,26,0,19,7,0.5016692820379715,-0.003018716061433439
train,6068,2,38,1,22,15,0.5016567153631952,0.01506654801450233
train,6962,4,78,9,47,22,0.4989030889321455,0.0005464196847372551
train,7221,13,88,12,10,66,0.5004612710903728,0.014187626153403134
train,8219,13,93,10,14,69,0.4996317033142645,0.009691529346952388
train,8343,3,37,2,20,15,0.5011583680190325,0.012402294157325824
train,875,2,42,1,19,22,0.5022955234071438,0.0005264216083770751
train,9045,2,42,0,15,27,0.5015173394139539,-0.01243069274580947
train,9747,2,19,0,12,7,0.5022358990700915,-0.005049969564690507
val_unseen,1052,2,29,0,1,28,0.503881006459528,-0.019365998823165972
val_unseen,1126,4,87,4,31,52,0.4999245033852918,0.005453034791181285
val_unseen,1151,3,21,0,10,11,0.5012195188781103,0.003628917609902537
val_unseen,1238,2,54,1,25,28,0.5020880606093218,0.004469717639023754
val_unseen,1305,2,31,0,6,25,0.5036339058302214,-0.011733740687737136
val_unseen,131,10,83,2,20,61,0.5056318228110164,-0.02851629438623476
val_unseen,1496,2,44,0,37,7,0.5018325119558351,0.016304478895791678
val_unseen,1584,5,38,1,21,16,0.5039674636706064,0.008678652931995455
val_unseen,1593,2,29,2,9,18,0.5000329839733201,0.0005754398604555342
val_unseen,1702,1,11,3,2,6,0.498255718196638,-0.013330075216928871
val_unseen,1793,1,28,0,1,27,0.4998488549528873,0.009336650510501823
val_unseen,221,5,67,23,0,44,0.5000311837009678,-0.001125348911545781
val_unseen,350,3,83,0,27,56,0.5046977373117115,-0.0014454448344694835
val_unseen,397,2,40,1,29,10,0.5006167873898721,-0.0010587191437181854
val_unseen,429,3,35,0,11,24,0.5030554264074815,-0.00832387582205512
val_unseen,442,2,56,1,32,23,0.501548632435577,0.0027528894628181875
val_unseen,540,2,20,1,19,0,0.5021801795811948,0.007739459912343749
val_unseen,548,2,35,1,16,18,0.5034511230354595,-0.014604775588509653
val_unseen,603,2,24,0,2,22,0.5016312776764099,0.00424643807905166
val_unseen,724,3,27,1,19,7,0.5027912899917625,-0.009173977742899618
val_unseen,73,1,21,0,1,20,0.4993907449793295,0.004098712372997008
val_unseen,793,5,51,0,36,15,0.5012459176955459,0.0014764020361628127
