scene_id,roles,episode_ids,route_count,scene_count,a0_success_routes,a1_success_routes,a0_sr,a1_sr,rescued_routes,destroyed_success_routes,delta_spl_mean,delta_ndtw_mean,delta_path_length_mean,delta_steps_mean,delta_collisions_mean,direct_new_first_divergence,first_state_nested_count
data/scene_datasets/mp3d/759xd9YjKW5/759xd9YjKW5.glb,gate_a_unresolved,6068,1,1,0,1,0.0,1.0,1,0,1.0,0.47917327824224565,-2.2500009536743164,-21.0,0.0,1,1
data/scene_datasets/mp3d/8194nk5LbLH/8194nk5LbLH.glb,gate_a_unresolved,1593|221|350,3,1,0,2,0.0,0.6666666666666666,2,0,0.4115663776931817,-0.031066596172165704,6.391985575358073,53.0,0.032686138824047584,3,3
data/scene_datasets/mp3d/EU6Fwq7SyZv/EU6Fwq7SyZv.glb,gate_a_unresolved,1305|442,2,1,0,0,0.0,0.0,0,0,0.0,-0.028516268463374576,1.8637456893920898,32.5,0.0,2,2
data/scene_datasets/mp3d/JmbYfDe2QKZ/JmbYfDe2QKZ.glb,gate_a_unresolved,6962|9747,2,1,0,0,0.0,0.0,0,0,0.0,-0.025096577117876856,3.8850386142730713,54.0,0.040903506812597724,2,2
data/scene_datasets/mp3d/QUCTc6BB5sX/QUCTc6BB5sX.glb,gate_a_unresolved,429|540|793,3,1,0,0,0.0,0.0,0,0,0.0,-0.13153175329212682,8.371700286865234,69.0,0.17422024091197028,3,3
data/scene_datasets/mp3d/SN83YJsR3w2/SN83YJsR3w2.glb,gate_a_unresolved,9045,1,1,0,0,0.0,0.0,0,0,0.0,-0.07845052737963465,1.4686698913574219,11.0,0.01639344262295082,1,1
data/scene_datasets/mp3d/TbHJrupSAjP/TbHJrupSAjP.glb,gate_a_unresolved,1126|1151,2,1,0,0,0.0,0.0,0,0,0.0,0.01633359735237433,-0.8676950931549072,-20.0,-0.20172365188675445,2,2
data/scene_datasets/mp3d/X7HyMhZNoso/X7HyMhZNoso.glb,gate_a_unresolved,603,1,1,0,0,0.0,0.0,0,0,0.0,-0.01706298605196488,0.2500004768371582,1.0,0.0,1,1
data/scene_datasets/mp3d/Z6MFQCViBuw/Z6MFQCViBuw.glb,gate_a_unresolved,1238|1496|397|548,4,1,0,0,0.0,0.0,0,0,0.0,0.01020931673514453,4.139965295791626,77.0,0.6494348244348244,4,4
data/scene_datasets/mp3d/ac26ZMwG7aT/ac26ZMwG7aT.glb,gate_a_unresolved,3208,1,1,0,0,0.0,0.0,0,0,0.0,0.02965933996531603,-3.000002384185791,-17.0,0.0,1,1
data/scene_datasets/mp3d/b8cTxDM8gDG/b8cTxDM8gDG.glb,gate_a_unresolved,7221,1,1,0,1,0.0,1.0,1,0,0.8484928170116135,0.27301679959186,5.606499671936035,-23.0,-4.375,1,1
data/scene_datasets/mp3d/oLBMNvg9in8/oLBMNvg9in8.glb,gate_a_unresolved,131|1702|1793|724,4,1,0,2,0.0,0.5,2,0,0.2589644447437622,0.27036536765870606,-5.243000030517578,-89.5,-0.10204545454545456,4,4
data/scene_datasets/mp3d/pLe4wQe7qrG/pLe4wQe7qrG.glb,gate_a_unresolved,1584,1,1,0,0,0.0,0.0,0,0,0.0,-0.018479983046870485,1.107219934463501,5.0,-0.19824561403508767,1,1
data/scene_datasets/mp3d/pRbA3pwrgk9/pRbA3pwrgk9.glb,gate_a_unresolved,8219,1,1,0,1,0.0,1.0,1,0,0.9270958825444773,0.5001036453408695,10.344642639160156,42.0,-2.006127450980392,1,1
data/scene_datasets/mp3d/r1Q1Z4BcV1o/r1Q1Z4BcV1o.glb,gate_a_unresolved,875,1,1,0,0,0.0,0.0,0,0,0.0,0.045612824031060484,-0.8830022811889648,-4.0,0.02,1,1
data/scene_datasets/mp3d/r47D5H71a5s/r47D5H71a5s.glb,gate_a_unresolved,8343,1,1,0,0,0.0,0.0,0,0,0.0,-0.2593483034693549,8.705219268798828,96.0,0.4409356725146199,1,1
data/scene_datasets/mp3d/x8F5xyUWy9e/x8F5xyUWy9e.glb,gate_a_unresolved,1052,1,1,0,1,0.0,1.0,1,0,1.0,0.08770199973013393,1.368901252746582,4.0,0.0,1,1
data/scene_datasets/mp3d/zsNo4HB9uLZ/zsNo4HB9uLZ.glb,gate_a_unresolved,73,1,1,0,1,0.0,1.0,1,0,0.9128175405376859,0.7610904797464549,-12.500001907348633,-84.0,0.0,1,1
mp3d/2azQ1b91cZZ/2azQ1b91cZZ.glb,metadata_control,159,1,1,1,1,1.0,1.0,0,0,-0.041934007206951285,-0.08222574846215946,0.49124908447265625,7.0,0.023255813953488372,1,1
mp3d/5LpN3gDmAk7/5LpN3gDmAk7.glb,metadata_control,6,1,1,1,1,1.0,1.0,0,0,-0.17441788345850873,-0.09756740239909856,1.3034758567810059,8.0,0.3548387096774194,1,1
mp3d/759xd9YjKW5/759xd9YjKW5.glb,metadata_control,3324,1,1,1,1,1.0,1.0,0,0,-0.2036764846253356,-0.03765132452763742,2.8874216079711914,18.0,0.05172413793103448,1,1
mp3d/7y3sRwLe3Va/7y3sRwLe3Va.glb,metadata_control,8,1,1,1,1,1.0,1.0,0,0,0.023393133079382067,0.053193678076810746,-0.26861095428466797,-8.0,0.04878048780487805,1,1
mp3d/8194nk5LbLH/8194nk5LbLH.glb,metadata_control,730,1,1,1,0,1.0,0.0,0,1,-0.6151107753628346,-0.06299182632217712,2.555217742919922,5.0,0.04708672086720867,1,1
mp3d/EU6Fwq7SyZv/EU6Fwq7SyZv.glb,metadata_control,776,1,1,1,0,1.0,0.0,0,1,-0.8940937359391729,-0.099335481552285,-0.7664251327514648,83.0,0.5232323232323232,1,1
mp3d/JeFG25nYj2p/JeFG25nYj2p.glb,metadata_control,7520,1,1,1,1,1.0,1.0,0,0,0.0,0.014704757104250121,0.75,1.0,-0.018181818181818188,1,1
mp3d/JmbYfDe2QKZ/JmbYfDe2QKZ.glb,metadata_control,3793,1,1,1,1,1.0,1.0,0,0,-0.19023779515074857,-0.04470506641730554,2.0940475463867188,18.0,0.06666666666666667,1,1
mp3d/QUCTc6BB5sX/QUCTc6BB5sX.glb,metadata_control,381,1,1,1,1,1.0,1.0,0,0,-0.20026962677190835,-0.2849774690595312,8.083595275878906,86.0,0.08504098360655737,1,1
mp3d/SN83YJsR3w2/SN83YJsR3w2.glb,metadata_control,844,1,1,1,1,1.0,1.0,0,0,-0.0009341132245819228,0.021509075459229532,0.011012077331542969,-7.0,-0.02127659574468085,1,1
mp3d/TbHJrupSAjP/TbHJrupSAjP.glb,metadata_control,107,1,1,1,1,1.0,1.0,0,0,-0.1538978689117353,-0.05727889067529912,1.6840629577636719,15.0,0.1,1,1
mp3d/VFuaQ6m2Qom/VFuaQ6m2Qom.glb,metadata_control,1331,1,1,1,1,1.0,1.0,0,0,0.04274676830237534,-0.0037292731275092583,-0.5201387405395508,-4.0,0.0,1,1
mp3d/X7HyMhZNoso/X7HyMhZNoso.glb,metadata_control,370,1,1,1,1,1.0,1.0,0,0,0.0,-0.058602190706079194,-0.6650638580322266,-5.0,0.10344827586206896,1,1
mp3d/Z6MFQCViBuw/Z6MFQCViBuw.glb,metadata_control,392,1,1,1,0,1.0,0.0,0,1,-0.7525031342583997,-0.6497180071332218,22.53597927093506,161.0,0.0,1,1
mp3d/ac26ZMwG7aT/ac26ZMwG7aT.glb,metadata_control,2346,1,1,1,1,1.0,1.0,0,0,-0.16219199306519239,-0.05197486330394363,1.5000038146972656,12.0,0.0,1,1
mp3d/oLBMNvg9in8/oLBMNvg9in8.glb,metadata_control,268,1,1,1,1,1.0,1.0,0,0,-0.08426607555097661,-0.0851902991908858,64.46398544311523,495.0,0.03265140224901775,1,1
