cohort,episode_id,role,scene_id,source_cohort,a0_success,a1_success,delta_success,a0_spl,a1_spl,delta_spl,a0_ndtw,a1_ndtw,delta_ndtw,a0_path_length,a1_path_length,delta_path_length,a0_steps,a1_steps,delta_steps,a0_collisions,a1_collisions,delta_collisions,first_matched_action_divergence,matched_action_differences,matched_prefix_steps,direct_new_candidate_selections,first_a0_candidates,first_a1_candidates,first_state_a0_nested_in_a1,matched_prefix_nested_violations,a0_high_level_steps,a1_high_level_steps
train,6,metadata_control,mp3d/5LpN3gDmAk7/5LpN3gDmAk7.glb,train,1,1,0,1.0,0.8255821165414913,-0.17441788345850873,0.9624838875576832,0.8649164851585847,-0.09756740239909856,5.285245895385742,6.588721752166748,1.3034758567810059,34.0,42.0,8.0,0.0,0.3548387096774194,0.3548387096774194,0,1,1,1,3,10,1,0,5,5
train,8,metadata_control,mp3d/7y3sRwLe3Va/7y3sRwLe3Va.glb,train,1,1,0,0.8692720116152869,0.892665144694669,0.023393133079382067,0.8982324091433173,0.951426087220128,0.053193678076810746,10.250000953674316,9.981389999389648,-0.26861095428466797,65.0,57.0,-8.0,0.0,0.04878048780487805,0.04878048780487805,0,1,1,1,3,10,1,0,9,5
train,844,metadata_control,mp3d/SN83YJsR3w2/SN83YJsR3w2.glb,train,1,1,0,0.9755021984163633,0.9745680851917814,-0.0009341132245819228,0.8996427331468508,0.9211518086060804,0.021509075459229532,11.488991737365723,11.500003814697266,0.011012077331542969,65.0,58.0,-7.0,0.02127659574468085,0.0,-0.02127659574468085,0,1,1,1,4,9,1,0,8,6
train,875,gate_a_unresolved,data/scene_datasets/mp3d/r1Q1Z4BcV1o/r1Q1Z4BcV1o.glb,train,0,0,0,0.0,0.0,0.0,0.6611691431506018,0.7067819671816623,0.045612824031060484,13.0,12.116997718811035,-0.8830022811889648,69.0,65.0,-4.0,0.0,0.02,0.02,2,1,3,1,12,27,1,0,8,7
train,1331,metadata_control,mp3d/VFuaQ6m2Qom/VFuaQ6m2Qom.glb,train,1,1,0,0.8040768183779468,0.8468235866803221,0.04274676830237534,0.8606359785246089,0.8569067053970997,-0.0037292731275092583,10.304071426391602,9.78393268585205,-0.5201387405395508,58.0,54.0,-4.0,0.0,0.0,0.0,0,1,1,1,4,9,1,0,7,6
train,2346,metadata_control,mp3d/ac26ZMwG7aT/ac26ZMwG7aT.glb,train,1,1,0,1.0,0.8378080069348076,-0.16219199306519239,0.9110287117627651,0.8590538484588215,-0.05197486330394363,4.750002384185791,6.250006198883057,1.5000038146972656,36.0,48.0,12.0,0.0,0.0,0.0,0,1,1,1,3,9,1,0,5,5
train,3208,gate_a_unresolved,data/scene_datasets/mp3d/ac26ZMwG7aT/ac26ZMwG7aT.glb,train,0,0,0,0.0,0.0,0.0,0.19954752689081412,0.22920686685613015,0.02965933996531603,8.750003814697266,5.750001430511475,-3.000002384185791,59.0,42.0,-17.0,0.0,0.0,0.0,0,1,1,1,2,8,1,0,9,6
train,3324,metadata_control,mp3d/759xd9YjKW5/759xd9YjKW5.glb,train,1,1,0,1.0,0.7963235153746644,-0.2036764846253356,0.9148435561403194,0.877192231612682,-0.03765132452763742,11.25,14.137421607971191,2.8874216079711914,68.0,86.0,18.0,0.0,0.05172413793103448,0.05172413793103448,0,1,1,1,4,10,1,0,8,7
train,3793,metadata_control,mp3d/JmbYfDe2QKZ/JmbYfDe2QKZ.glb,train,1,1,0,0.9851486238428119,0.7949108286920633,-0.19023779515074857,0.8910653684082447,0.8463603019909391,-0.04470506641730554,8.750001907348633,10.844049453735352,2.0940475463867188,45.0,63.0,18.0,0.0,0.06666666666666667,0.06666666666666667,0,1,1,1,3,9,1,0,7,6
train,6068,gate_a_unresolved,data/scene_datasets/mp3d/759xd9YjKW5/759xd9YjKW5.glb,train,0,1,1,0.0,1.0,1.0,0.48443370959588894,0.9636069878381346,0.47917327824224565,11.75000286102295,9.500001907348633,-2.2500009536743164,75.0,54.0,-21.0,0.0,0.0,0.0,1,1,2,1,3,11,1,0,9,6
train,6962,gate_a_unresolved,data/scene_datasets/mp3d/JmbYfDe2QKZ/JmbYfDe2QKZ.glb,train,0,0,0,0.0,0.0,0.0,0.014281520364778259,0.0011575360306978503,-0.013123984334080407,29.877731323242188,35.43815612792969,5.5604248046875,226.0,322.0,96.0,0.03305785123966942,0.060810810810810814,0.027752959571141392,0,1,1,1,2,9,1,0,15,15
train,7221,gate_a_unresolved,data/scene_datasets/mp3d/b8cTxDM8gDG/b8cTxDM8gDG.glb,train,0,1,1,0.0,0.8484928170116135,0.8484928170116135,0.6703873184804078,0.9434041180722678,0.27301679959186,2.404815673828125,8.01131534576416,5.606499671936035,72.0,49.0,-23.0,4.5,0.125,-4.375,0,1,1,1,3,9,1,0,15,4
train,7520,metadata_control,mp3d/JeFG25nYj2p/JeFG25nYj2p.glb,train,1,1,0,1.0,1.0,0.0,0.9212155995561747,0.9359203566604248,0.014704757104250121,6.652307033538818,7.402307033538818,0.75,46.0,47.0,1.0,0.2,0.18181818181818182,-0.018181818181818188,1,1,2,1,4,14,1,0,5,4
train,8219,gate_a_unresolved,data/scene_datasets/mp3d/pRbA3pwrgk9/pRbA3pwrgk9.glb,train,0,1,1,0.0,0.9270958825444773,0.9270958825444773,0.35044728056389296,0.8505509259047624,0.5001036453408695,2.2934446334838867,12.638087272644043,10.344642639160156,86.0,128.0,42.0,2.4375,0.43137254901960786,-2.006127450980392,8,1,9,1,6,15,1,0,15,15
train,8343,gate_a_unresolved,data/scene_datasets/mp3d/r47D5H71a5s/r47D5H71a5s.glb,train,0,0,0,0.0,0.0,0.0,0.716561281275777,0.4572129778064221,-0.2593483034693549,10.991535186767578,19.696754455566406,8.705219268798828,59.0,155.0,96.0,0.022222222222222223,0.4631578947368421,0.4409356725146199,0,1,1,1,4,10,1,0,8,10
train,9045,gate_a_unresolved,data/scene_datasets/mp3d/SN83YJsR3w2/SN83YJsR3w2.glb,train,0,0,0,0.0,0.0,0.0,0.496151671983277,0.4177011446036423,-0.07845052737963465,13.507808685302734,14.976478576660156,1.4686698913574219,71.0,82.0,11.0,0.0,0.01639344262295082,0.01639344262295082,0,1,1,1,4,10,1,0,9,10
train,9747,gate_a_unresolved,data/scene_datasets/mp3d/JmbYfDe2QKZ/JmbYfDe2QKZ.glb,train,0,0,0,0.0,0.0,0.0,0.7229796565855093,0.685910486683836,-0.037069169901673305,6.750001430511475,8.959653854370117,2.2096524238586426,38.0,50.0,12.0,0.0,0.05405405405405406,0.05405405405405406,0,1,1,1,3,9,1,0,6,5
val_unseen,73,gate_a_unresolved,data/scene_datasets/mp3d/zsNo4HB9uLZ/zsNo4HB9uLZ.glb,val_unseen,0,1,1,0.0,0.9128175405376859,0.9128175405376859,0.1412068912428257,0.9022973709892806,0.7610904797464549,20.50000762939453,8.000005722045898,-12.500001907348633,130.0,46.0,-84.0,0.0,0.0,0.0,0,1,1,1,5,11,1,0,15,5
val_unseen,107,metadata_control,mp3d/TbHJrupSAjP/TbHJrupSAjP.glb,val_unseen,1,1,0,0.9041575184525689,0.7502596495408336,-0.1538978689117353,0.9279320004257212,0.8706531097504221,-0.05727889067529912,8.20988941192627,9.893952369689941,1.6840629577636719,51.0,66.0,15.0,0.0,0.1,0.1,1,1,2,1,6,15,1,0,8,6
val_unseen,131,gate_a_unresolved,data/scene_datasets/mp3d/oLBMNvg9in8/oLBMNvg9in8.glb,val_unseen,0,1,1,0.0,0.710085182303379,0.710085182303379,0.23325926128205607,0.832890297803648,0.5996310365215919,4.2393798828125,8.52204418182373,4.2826642990112305,84.0,49.0,-35.0,0.6444444444444445,0.18181818181818182,-0.46262626262626266,1,1,2,1,5,15,1,0,15,5
val_unseen,159,metadata_control,mp3d/2azQ1b91cZZ/2azQ1b91cZZ.glb,val_unseen,1,1,0,0.8955537397589645,0.8536197325520132,-0.041934007206951285,0.9413911904587994,0.8591654419966399,-0.08222574846215946,9.999996185302734,10.49124526977539,0.49124908447265625,47.0,54.0,7.0,0.0,0.023255813953488372,0.023255813953488372,1,1,2,1,5,16,1,0,7,6
val_unseen,221,gate_a_unresolved,data/scene_datasets/mp3d/8194nk5LbLH/8194nk5LbLH.glb,val_unseen,0,0,0,0.0,0.0,0.0,0.0024731873053093533,0.011304039970245318,0.008830852664935964,38.761627197265625,41.30262756347656,2.5410003662109375,307.0,345.0,38.0,0.0880503144654088,0.05389221556886228,-0.03415809889654652,1,1,2,1,6,17,1,0,15,15
val_unseen,268,metadata_control,mp3d/oLBMNvg9in8/oLBMNvg9in8.glb,val_unseen,1,1,0,0.12941692976437114,0.04515085421339453,-0.08426607555097661,0.08520255264593928,1.2253455053466216e-05,-0.0851902991908858,34.5406379699707,99.00462341308594,64.46398544311523,318.0,813.0,495.0,0.01652892561983471,0.04918032786885246,0.03265140224901775,0,1,1,1,4,11,1,0,14,15
val_unseen,350,gate_a_unresolved,data/scene_datasets/mp3d/8194nk5LbLH/8194nk5LbLH.glb,val_unseen,0,1,1,0.0,0.3594910508107254,0.3594910508107254,0.15418912897300893,0.030448305041250415,-0.12374082393175852,23.05016326904297,40.188812255859375,17.138648986816406,130.0,252.0,122.0,0.020833333333333332,0.024844720496894408,0.004011387163561076,0,1,1,1,4,8,1,0,13,15
val_unseen,370,metadata_control,mp3d/X7HyMhZNoso/X7HyMhZNoso.glb,val_unseen,1,1,0,1.0,1.0,0.0,0.9200412697192494,0.8614390790131702,-0.058602190706079194,7.6354875564575195,6.970423698425293,-0.6650638580322266,38.0,33.0,-5.0,0.0,0.10344827586206896,0.10344827586206896,0,1,1,1,5,13,1,0,6,4
val_unseen,381,metadata_control,mp3d/QUCTc6BB5sX/QUCTc6BB5sX.glb,val_unseen,1,1,0,0.6686909866179,0.4684213598459917,-0.20026962677190835,0.7679192134350376,0.48294174437550635,-0.2849774690595312,18.907154083251953,26.99074935913086,8.083595275878906,157.0,243.0,86.0,0.0625,0.14754098360655737,0.08504098360655737,0,1,1,1,4,10,1,0,15,15
val_unseen,392,metadata_control,mp3d/Z6MFQCViBuw/Z6MFQCViBuw.glb,val_unseen,1,0,-1,0.7525031342583997,0.0,-0.7525031342583997,0.7962244262927257,0.14650641915950396,-0.6497180071332218,14.899552345275879,37.43553161621094,22.53597927093506,81.0,242.0,161.0,0.0,0.0,0.0,1,1,2,1,7,19,1,0,9,14
val_unseen,397,gate_a_unresolved,data/scene_datasets/mp3d/Z6MFQCViBuw/Z6MFQCViBuw.glb,val_unseen,0,0,0,0.0,0.0,0.0,0.16355513862628135,0.11389104822276082,-0.04966409040352053,11.820147514343262,13.145005226135254,1.3248577117919922,63.0,78.0,15.0,0.0,0.07407407407407407,0.07407407407407407,0,1,1,1,4,12,1,0,8,9
val_unseen,429,gate_a_unresolved,data/scene_datasets/mp3d/QUCTc6BB5sX/QUCTc6BB5sX.glb,val_unseen,0,0,0,0.0,0.0,0.0,0.840513731517729,0.5144700333845444,-0.32604369813318457,11.986064910888672,23.205036163330078,11.218971252441406,59.0,157.0,98.0,0.04081632653061224,0.08,0.03918367346938776,0,1,1,1,5,11,1,0,9,10
val_unseen,442,gate_a_unresolved,data/scene_datasets/mp3d/EU6Fwq7SyZv/EU6Fwq7SyZv.glb,val_unseen,0,0,0,0.0,0.0,0.0,0.0741450361282377,0.03778121623846955,-0.03636381988976815,18.035720825195312,21.013748168945312,2.97802734375,92.0,157.0,65.0,0.0,0.0,0.0,0,1,1,1,4,9,1,0,13,12
val_unseen,540,gate_a_unresolved,data/scene_datasets/mp3d/QUCTc6BB5sX/QUCTc6BB5sX.glb,val_unseen,0,0,0,0.0,0.0,0.0,0.2141001455607598,0.034208938744958804,-0.17989120681580098,5.513166427612305,22.53343391418457,17.020267486572266,40.0,147.0,107.0,0.0,0.01098901098901099,0.01098901098901099,1,1,2,1,4,14,1,0,5,7
val_unseen,548,gate_a_unresolved,data/scene_datasets/mp3d/Z6MFQCViBuw/Z6MFQCViBuw.glb,val_unseen,0,0,0,0.0,0.0,0.0,0.14391522018690708,0.0911304107726679,-0.05278480941423919,12.798563957214355,13.650279998779297,0.8517160415649414,59.0,65.0,6.0,0.0,0.017857142857142856,0.017857142857142856,0,1,1,1,5,13,1,0,7,7
val_unseen,603,gate_a_unresolved,data/scene_datasets/mp3d/X7HyMhZNoso/X7HyMhZNoso.glb,val_unseen,0,0,0,0.0,0.0,0.0,0.8280291750200947,0.8109661889681298,-0.01706298605196488,7.249997615814209,7.499998092651367,0.2500004768371582,51.0,52.0,1.0,0.0,0.0,0.0,0,1,1,1,3,7,1,0,8,5
val_unseen,724,gate_a_unresolved,data/scene_datasets/mp3d/oLBMNvg9in8/oLBMNvg9in8.glb,val_unseen,0,0,0,0.0,0.0,0.0,0.7515936154763775,0.5984473056565713,-0.15314630981980615,6.020916938781738,8.543317794799805,2.5224008560180664,45.0,58.0,13.0,0.24,0.0,-0.24,0,1,1,1,4,11,1,0,5,5
val_unseen,730,metadata_control,mp3d/8194nk5LbLH/8194nk5LbLH.glb,val_unseen,1,0,-1,0.6151107753628346,0.0,-0.6151107753628346,0.11721939011071184,0.05422756378853471,-0.06299182632217712,17.686500549316406,20.241718292236328,2.555217742919922,105.0,110.0,5.0,0.013888888888888888,0.06097560975609756,0.04708672086720867,0,1,1,1,3,9,1,0,11,10
val_unseen,776,metadata_control,mp3d/EU6Fwq7SyZv/EU6Fwq7SyZv.glb,val_unseen,1,0,-1,0.8940937359391729,0.0,-0.8940937359391729,0.8580382505781656,0.7587027690258806,-0.099335481552285,11.477246284484863,10.710821151733398,-0.7664251327514648,66.0,149.0,83.0,0.022222222222222223,0.5454545454545454,0.5232323232323232,2,1,3,1,10,27,1,0,9,13
val_unseen,793,gate_a_unresolved,data/scene_datasets/mp3d/QUCTc6BB5sX/QUCTc6BB5sX.glb,val_unseen,0,0,0,0.0,0.0,0.0,0.2335708699975429,0.3449105150701479,0.11133964507260502,18.64473533630371,15.520597457885742,-3.1241378784179688,174.0,176.0,2.0,0.11842105263157894,0.5909090909090909,0.472488038277512,0,1,1,1,4,10,1,0,15,15
val_unseen,1052,gate_a_unresolved,data/scene_datasets/mp3d/x8F5xyUWy9e/x8F5xyUWy9e.glb,val_unseen,0,1,1,0.0,1.0,1.0,0.7395810722364892,0.8272830719666231,0.08770199973013393,7.068307876586914,8.437209129333496,1.368901252746582,49.0,53.0,4.0,0.0,0.0,0.0,0,1,1,1,5,9,1,0,8,5
val_unseen,1126,gate_a_unresolved,data/scene_datasets/mp3d/TbHJrupSAjP/TbHJrupSAjP.glb,val_unseen,0,0,0,0.0,0.0,0.0,0.09572696426496877,0.13084819666369776,0.035121232398728996,21.048751831054688,18.25023078918457,-2.798521041870117,166.0,123.0,-43.0,0.21348314606741572,0.0,-0.21348314606741572,0,1,1,1,4,11,1,0,15,10
val_unseen,1151,gate_a_unresolved,data/scene_datasets/mp3d/TbHJrupSAjP/TbHJrupSAjP.glb,val_unseen,0,0,0,0.0,0.0,0.0,0.5066039829538772,0.5041499452598969,-0.0024540376939803377,6.431231498718262,7.4943623542785645,1.0631308555603027,41.0,44.0,3.0,0.2222222222222222,0.03225806451612903,-0.18996415770609318,0,1,1,1,3,8,1,0,5,5
val_unseen,1238,gate_a_unresolved,data/scene_datasets/mp3d/Z6MFQCViBuw/Z6MFQCViBuw.glb,val_unseen,0,0,0,0.0,0.0,0.0,0.029770520865015335,0.18144890684572287,0.15167838598070754,21.79475212097168,10.803359985351562,-10.991392135620117,140.0,163.0,23.0,0.0,2.2444444444444445,2.2444444444444445,0,1,1,1,4,11,1,0,11,15
val_unseen,1305,gate_a_unresolved,data/scene_datasets/mp3d/EU6Fwq7SyZv/EU6Fwq7SyZv.glb,val_unseen,0,0,0,0.0,0.0,0.0,0.1909518224628403,0.17028310542585928,-0.020668717036981005,10.065412521362305,10.814876556396484,0.7494640350341797,59.0,59.0,0.0,0.0,0.0,0.0,2,1,3,1,9,25,1,0,8,7
val_unseen,1496,gate_a_unresolved,data/scene_datasets/mp3d/Z6MFQCViBuw/Z6MFQCViBuw.glb,val_unseen,0,0,0,0.0,0.0,0.0,0.008407652149790104,1.543292742039973e-05,-0.008392219222369704,18.166961669921875,43.54164123535156,25.374679565429688,84.0,348.0,264.0,0.0,0.26136363636363635,0.26136363636363635,0,1,1,1,5,11,1,0,10,15
val_unseen,1584,gate_a_unresolved,data/scene_datasets/mp3d/pLe4wQe7qrG/pLe4wQe7qrG.glb,val_unseen,0,0,0,0.0,0.0,0.0,0.637060568627199,0.6185805855803285,-0.018479983046870485,3.996199369430542,5.103419303894043,1.107219934463501,45.0,50.0,5.0,0.631578947368421,0.43333333333333335,-0.19824561403508767,0,1,1,1,4,8,1,0,6,4
val_unseen,1593,gate_a_unresolved,data/scene_datasets/mp3d/8194nk5LbLH/8194nk5LbLH.glb,val_unseen,0,1,1,0.0,0.8752080822688197,0.8752080822688197,0.7174853883574861,0.7391955711078115,0.021710182750325435,10.0,9.496307373046875,-0.503692626953125,54.0,53.0,-1.0,0.0,0.1282051282051282,0.1282051282051282,1,1,2,1,7,19,1,0,6,5
val_unseen,1702,gate_a_unresolved,data/scene_datasets/mp3d/oLBMNvg9in8/oLBMNvg9in8.glb,val_unseen,0,1,1,0.0,0.3257725966716697,0.3257725966716697,0.24754649787030605,0.5702010052618766,0.32265450739157053,35.750389099121094,18.540935516357422,-17.209453582763672,389.0,136.0,-253.0,0.0,0.2125,0.2125,0,1,1,1,3,9,1,0,15,9
val_unseen,1793,gate_a_unresolved,data/scene_datasets/mp3d/oLBMNvg9in8/oLBMNvg9in8.glb,val_unseen,0,0,0,0.0,0.0,0.0,0.232611318510032,0.5449335550515,0.31232223654146796,22.230878829956055,11.663267135620117,-10.567611694335938,157.0,74.0,-83.0,0.022222222222222223,0.10416666666666667,0.08194444444444444,0,1,1,1,4,11,1,0,15,9
