cohort,episode_id,scene_id,states,a0_strict,a1_strict,a0_quality_rescue,a1_quality_rescue,a0_cost_capped_rescue,a1_cost_capped_rescue,new_candidate_quality_rescue,new_candidate_cost_capped_rescue,native_selected_quality_rescue
train,3208,data/scene_datasets/mp3d/ac26ZMwG7aT/ac26ZMwG7aT.glb,1,False,False,False,False,False,False,False,False,False
train,6068,data/scene_datasets/mp3d/759xd9YjKW5/759xd9YjKW5.glb,1,True,True,False,False,False,False,False,False,False
train,6962,data/scene_datasets/mp3d/JmbYfDe2QKZ/JmbYfDe2QKZ.glb,4,True,True,True,True,True,True,True,True,False
train,7221,data/scene_datasets/mp3d/b8cTxDM8gDG/b8cTxDM8gDG.glb,13,True,True,True,True,False,True,True,True,False
train,8219,data/scene_datasets/mp3d/pRbA3pwrgk9/pRbA3pwrgk9.glb,13,True,True,True,True,False,False,True,False,False
train,8343,data/scene_datasets/mp3d/r47D5H71a5s/r47D5H71a5s.glb,2,True,True,False,True,False,False,True,False,False
train,875,data/scene_datasets/mp3d/r1Q1Z4BcV1o/r1Q1Z4BcV1o.glb,1,True,True,False,False,False,False,False,False,False
train,9045,data/scene_datasets/mp3d/SN83YJsR3w2/SN83YJsR3w2.glb,1,False,True,False,False,False,False,False,False,False
train,9747,data/scene_datasets/mp3d/JmbYfDe2QKZ/JmbYfDe2QKZ.glb,1,False,False,True,True,False,False,True,False,False
val_unseen,1052,data/scene_datasets/mp3d/x8F5xyUWy9e/x8F5xyUWy9e.glb,1,False,False,False,True,False,False,True,False,False
val_unseen,1126,data/scene_datasets/mp3d/TbHJrupSAjP/TbHJrupSAjP.glb,4,True,True,False,False,False,False,False,False,False
val_unseen,1151,data/scene_datasets/mp3d/TbHJrupSAjP/TbHJrupSAjP.glb,2,False,True,False,False,False,False,False,False,False
val_unseen,1238,data/scene_datasets/mp3d/Z6MFQCViBuw/Z6MFQCViBuw.glb,1,True,True,False,False,False,False,False,False,False
val_unseen,1305,data/scene_datasets/mp3d/EU6Fwq7SyZv/EU6Fwq7SyZv.glb,1,False,False,False,False,False,False,False,False,False
val_unseen,131,data/scene_datasets/mp3d/oLBMNvg9in8/oLBMNvg9in8.glb,10,True,True,True,True,True,True,True,True,False
val_unseen,1496,data/scene_datasets/mp3d/Z6MFQCViBuw/Z6MFQCViBuw.glb,1,False,False,False,False,False,False,False,False,False
val_unseen,1584,data/scene_datasets/mp3d/pLe4wQe7qrG/pLe4wQe7qrG.glb,4,True,True,False,True,False,True,True,True,False
val_unseen,1593,data/scene_datasets/mp3d/8194nk5LbLH/8194nk5LbLH.glb,1,True,True,True,True,True,True,True,True,False
val_unseen,1702,data/scene_datasets/mp3d/oLBMNvg9in8/oLBMNvg9in8.glb,1,True,True,False,False,False,False,False,False,False
val_unseen,1793,data/scene_datasets/mp3d/oLBMNvg9in8/oLBMNvg9in8.glb,1,False,False,False,False,False,False,False,False,False
val_unseen,221,data/scene_datasets/mp3d/8194nk5LbLH/8194nk5LbLH.glb,5,True,True,False,False,False,False,False,False,False
val_unseen,350,data/scene_datasets/mp3d/8194nk5LbLH/8194nk5LbLH.glb,2,False,False,True,True,False,False,False,False,False
val_unseen,397,data/scene_datasets/mp3d/Z6MFQCViBuw/Z6MFQCViBuw.glb,1,True,True,False,False,False,False,False,False,False
val_unseen,429,data/scene_datasets/mp3d/QUCTc6BB5sX/QUCTc6BB5sX.glb,2,False,False,True,True,False,False,True,False,False
val_unseen,442,data/scene_datasets/mp3d/EU6Fwq7SyZv/EU6Fwq7SyZv.glb,1,True,True,False,False,False,False,False,False,False
val_unseen,540,data/scene_datasets/mp3d/QUCTc6BB5sX/QUCTc6BB5sX.glb,1,True,True,False,False,False,False,False,False,False
val_unseen,548,data/scene_datasets/mp3d/Z6MFQCViBuw/Z6MFQCViBuw.glb,1,True,True,False,False,False,False,False,False,False
val_unseen,603,data/scene_datasets/mp3d/X7HyMhZNoso/X7HyMhZNoso.glb,1,False,False,True,True,False,False,True,False,False
val_unseen,724,data/scene_datasets/mp3d/oLBMNvg9in8/oLBMNvg9in8.glb,2,True,True,False,False,False,False,False,False,False
val_unseen,73,data/scene_datasets/mp3d/zsNo4HB9uLZ/zsNo4HB9uLZ.glb,1,False,False,False,False,False,False,False,False,False
val_unseen,793,data/scene_datasets/mp3d/QUCTc6BB5sX/QUCTc6BB5sX.glb,5,False,False,True,True,True,True,True,True,False
