episode_id,scene_id,states,a0_strict,a1_strict,a0_quality_rescue,a1_quality_rescue,a0_cost_capped_rescue,a1_cost_capped_rescue,new_candidate_quality_rescue,new_candidate_cost_capped_rescue,native_selected_quality_rescue
1052,data/scene_datasets/mp3d/x8F5xyUWy9e/x8F5xyUWy9e.glb,1,False,False,False,True,False,False,True,False,False
1126,data/scene_datasets/mp3d/TbHJrupSAjP/TbHJrupSAjP.glb,4,True,True,False,False,False,False,False,False,False
1151,data/scene_datasets/mp3d/TbHJrupSAjP/TbHJrupSAjP.glb,2,False,True,False,False,False,False,False,False,False
1238,data/scene_datasets/mp3d/Z6MFQCViBuw/Z6MFQCViBuw.glb,1,True,True,False,False,False,False,False,False,False
1305,data/scene_datasets/mp3d/EU6Fwq7SyZv/EU6Fwq7SyZv.glb,1,False,False,False,False,False,False,False,False,False
131,data/scene_datasets/mp3d/oLBMNvg9in8/oLBMNvg9in8.glb,10,True,True,True,True,True,True,True,True,False
1496,data/scene_datasets/mp3d/Z6MFQCViBuw/Z6MFQCViBuw.glb,1,False,False,False,False,False,False,False,False,False
1584,data/scene_datasets/mp3d/pLe4wQe7qrG/pLe4wQe7qrG.glb,4,True,True,False,True,False,True,True,True,False
1593,data/scene_datasets/mp3d/8194nk5LbLH/8194nk5LbLH.glb,1,True,True,True,True,True,True,True,True,False
1702,data/scene_datasets/mp3d/oLBMNvg9in8/oLBMNvg9in8.glb,1,True,True,False,False,False,False,False,False,False
1793,data/scene_datasets/mp3d/oLBMNvg9in8/oLBMNvg9in8.glb,1,False,False,False,False,False,False,False,False,False
221,data/scene_datasets/mp3d/8194nk5LbLH/8194nk5LbLH.glb,5,True,True,False,False,False,False,False,False,False
350,data/scene_datasets/mp3d/8194nk5LbLH/8194nk5LbLH.glb,2,False,False,True,True,False,False,False,False,False
397,data/scene_datasets/mp3d/Z6MFQCViBuw/Z6MFQCViBuw.glb,1,True,True,False,False,False,False,False,False,False
429,data/scene_datasets/mp3d/QUCTc6BB5sX/QUCTc6BB5sX.glb,2,False,False,True,True,False,False,True,False,False
442,data/scene_datasets/mp3d/EU6Fwq7SyZv/EU6Fwq7SyZv.glb,1,True,True,False,False,False,False,False,False,False
540,data/scene_datasets/mp3d/QUCTc6BB5sX/QUCTc6BB5sX.glb,1,True,True,False,False,False,False,False,False,False
548,data/scene_datasets/mp3d/Z6MFQCViBuw/Z6MFQCViBuw.glb,1,True,True,False,False,False,False,False,False,False
603,data/scene_datasets/mp3d/X7HyMhZNoso/X7HyMhZNoso.glb,1,False,False,True,True,False,False,True,False,False
724,data/scene_datasets/mp3d/oLBMNvg9in8/oLBMNvg9in8.glb,2,True,True,False,False,False,False,False,False,False
73,data/scene_datasets/mp3d/zsNo4HB9uLZ/zsNo4HB9uLZ.glb,1,False,False,False,False,False,False,False,False,False
793,data/scene_datasets/mp3d/QUCTc6BB5sX/QUCTc6BB5sX.glb,5,False,False,True,True,True,True,True,True,False
