cohort,episode_id,scene_id,state_count,sample_count,intervene_count,keep_count,ambiguous_count,native_success_sample_count
train,3208,data/scene_datasets/mp3d/ac26ZMwG7aT/ac26ZMwG7aT.glb,2,26,0,19,7,0
train,6068,data/scene_datasets/mp3d/759xd9YjKW5/759xd9YjKW5.glb,2,38,1,22,15,0
train,6962,data/scene_datasets/mp3d/JmbYfDe2QKZ/JmbYfDe2QKZ.glb,4,78,9,47,22,0
train,7221,data/scene_datasets/mp3d/b8cTxDM8gDG/b8cTxDM8gDG.glb,13,88,12,10,66,0
train,8219,data/scene_datasets/mp3d/pRbA3pwrgk9/pRbA3pwrgk9.glb,13,93,10,14,69,0
train,8343,data/scene_datasets/mp3d/r47D5H71a5s/r47D5H71a5s.glb,3,37,2,20,15,0
train,875,data/scene_datasets/mp3d/r1Q1Z4BcV1o/r1Q1Z4BcV1o.glb,2,42,1,19,22,0
train,9045,data/scene_datasets/mp3d/SN83YJsR3w2/SN83YJsR3w2.glb,2,42,0,15,27,0
train,9747,data/scene_datasets/mp3d/JmbYfDe2QKZ/JmbYfDe2QKZ.glb,2,19,0,12,7,0
val_unseen,1052,data/scene_datasets/mp3d/x8F5xyUWy9e/x8F5xyUWy9e.glb,2,29,0,1,28,0
val_unseen,1126,data/scene_datasets/mp3d/TbHJrupSAjP/TbHJrupSAjP.glb,4,87,4,31,52,0
val_unseen,1151,data/scene_datasets/mp3d/TbHJrupSAjP/TbHJrupSAjP.glb,3,21,0,10,11,0
val_unseen,1238,data/scene_datasets/mp3d/Z6MFQCViBuw/Z6MFQCViBuw.glb,2,54,1,25,28,0
val_unseen,1305,data/scene_datasets/mp3d/EU6Fwq7SyZv/EU6Fwq7SyZv.glb,2,31,0,6,25,0
val_unseen,131,data/scene_datasets/mp3d/oLBMNvg9in8/oLBMNvg9in8.glb,10,83,2,20,61,0
val_unseen,1496,data/scene_datasets/mp3d/Z6MFQCViBuw/Z6MFQCViBuw.glb,2,44,0,37,7,0
val_unseen,1584,data/scene_datasets/mp3d/pLe4wQe7qrG/pLe4wQe7qrG.glb,5,38,1,21,16,0
val_unseen,1593,data/scene_datasets/mp3d/8194nk5LbLH/8194nk5LbLH.glb,2,29,2,9,18,0
val_unseen,1702,data/scene_datasets/mp3d/oLBMNvg9in8/oLBMNvg9in8.glb,1,11,3,2,6,0
val_unseen,1793,data/scene_datasets/mp3d/oLBMNvg9in8/oLBMNvg9in8.glb,1,28,0,1,27,0
val_unseen,221,data/scene_datasets/mp3d/8194nk5LbLH/8194nk5LbLH.glb,5,67,23,0,44,0
val_unseen,350,data/scene_datasets/mp3d/8194nk5LbLH/8194nk5LbLH.glb,3,83,0,27,56,0
val_unseen,397,data/scene_datasets/mp3d/Z6MFQCViBuw/Z6MFQCViBuw.glb,2,40,1,29,10,0
val_unseen,429,data/scene_datasets/mp3d/QUCTc6BB5sX/QUCTc6BB5sX.glb,3,35,0,11,24,0
val_unseen,442,data/scene_datasets/mp3d/EU6Fwq7SyZv/EU6Fwq7SyZv.glb,2,56,1,32,23,0
val_unseen,540,data/scene_datasets/mp3d/QUCTc6BB5sX/QUCTc6BB5sX.glb,2,20,1,19,0,0
val_unseen,548,data/scene_datasets/mp3d/Z6MFQCViBuw/Z6MFQCViBuw.glb,2,35,1,16,18,0
val_unseen,603,data/scene_datasets/mp3d/X7HyMhZNoso/X7HyMhZNoso.glb,2,24,0,2,22,0
val_unseen,724,data/scene_datasets/mp3d/oLBMNvg9in8/oLBMNvg9in8.glb,3,27,1,19,7,0
val_unseen,73,data/scene_datasets/mp3d/zsNo4HB9uLZ/zsNo4HB9uLZ.glb,1,21,0,1,20,0
val_unseen,793,data/scene_datasets/mp3d/QUCTc6BB5sX/QUCTc6BB5sX.glb,5,51,0,36,15,0
